[backblue.gif]
[fade.gif]
[index.html]
[rpbihp.numec.prp.usp.br/index.php/Pathways_to_the_2023_IHP_thematic_program_Random_Processes_in_the_Brain.html]
[rpbihp.numec.prp.usp.br/index.html]
[rpbihp.numec.prp.usp.br/load3b38.css]
[rpbihp.numec.prp.usp.br/load2c8d.php]
[rpbihp.numec.prp.usp.br/opensearch_desc.php]
[rpbihp.numec.prp.usp.br/api-result251f.xml]
[rpbihp.numec.prp.usp.br/feeda295.xml]
[rpbihp.numec.prp.usp.br/index.php/Pathways_to_the_2023_IHP_thematic_program_Random_Processes_in_the_Brain/Participants.html]
[rpbihp.numec.prp.usp.br/index.php/Pathways_to_the_2023_IHP_thematic_program_Random_Processes_in_the_Brain/Seminars.html]
[rpbihp.numec.prp.usp.br/index.php/Pathways_to_the_2023_IHP_thematic_program_Random_Processes_in_the_Brain/Discussion_tracks.html]
[rpbihp.numec.prp.usp.br/index.php/Pathways_to_the_2023_IHP_thematic_program_Random_Processes_in_the_Brain/Materials.html]
[rpbihp.numec.prp.usp.br/index91a4.html]
[rpbihp.numec.prp.usp.br/index.php/File_Poster_rpb_ihp_2023-1.html]
[rpbihp.numec.prp.usp.br/images/thumb/3/32/Poster_rpb_ihp_2023-1.jpg/300px-Poster_rpb_ihp_2023-1.jpg]
[rpbihp.numec.prp.usp.br/index.php/File_RPB-IHP-Jan_-23_.html]
[rpbihp.numec.prp.usp.br/images/thumb/b/bd/RPB-IHP-Jan_-23_.pdf/page1-85px-RPB-IHP-Jan_-23_.pdf.jpg]
[rpbihp.numec.prp.usp.br/index.php/File_RPB_IHP2.html]
[rpbihp.numec.prp.usp.br/images/thumb/3/30/RPB_IHP2.pdf/page1-120px-RPB_IHP2.pdf.jpg]
[rpbihp.numec.prp.usp.br/index903a.html]
[rpbihp.numec.prp.usp.br/index0b78.html]
[rpbihp.numec.prp.usp.br/index9786.html]
[rpbihp.numec.prp.usp.br/index215b.html]
[rpbihp.numec.prp.usp.br/index.php/Special_SpecialPages.html]
[rpbihp.numec.prp.usp.br/index4a41.html]
[rpbihp.numec.prp.usp.br/index600b.html]
[rpbihp.numec.prp.usp.br/indexaa48.html]
[rpbihp.numec.prp.usp.br/resources/assets/licenses/cc-by-sa.png]
[rpbihp.numec.prp.usp.br/resources/assets/poweredby_mediawiki_88x31.png]
[rpbihp.numec.prp.usp.br/resources/assets/debian/poweredby_debian_1x.png]
[rpbihp.numec.prp.usp.br/index.php/Pathways_to_the_2023_IHP_thematic_program_Random_Processes_in_the_Brain.html]
[rpbihp.numec.prp.usp.br/resources/src/mediawiki.legacy/images/ajax-loader7a66.gif]
[rpbihp.numec.prp.usp.br/resources/src/mediawiki.legacy/images/spinnerc0b8.gif]
[rpbihp.numec.prp.usp.br/resources/src/mediawiki.skinning/images/magnify-clip-ltr1c0d.png]
[rpbihp.numec.prp.usp.br/resources/src/mediawiki.skinning/images/magnify-clip-rtla4cc.png]
[rpbihp.numec.prp.usp.br/skins/Vector/images/bullet-icon7e02.png]
[rpbihp.numec.prp.usp.br/skins/Vector/images/user-iconafd2.png]
[rpbihp.numec.prp.usp.br/skins/Vector/images/search-fade8d32.png]
[rpbihp.numec.prp.usp.br/skins/Vector/images/search-ltr4be8.png]
[rpbihp.numec.prp.usp.br/skins/Vector/images/tab-breakd148.png]
[rpbihp.numec.prp.usp.br/load3b38.css]
[rpbihp.numec.prp.usp.br/favicon.html]
[rpbihp.numec.prp.usp.br/load3fc3.css]
[rpbihp.numec.prp.usp.br/index8a55.html]
[rpbihp.numec.prp.usp.br/indexf411.html]
[rpbihp.numec.prp.usp.br/index0d3e.html]
[rpbihp.numec.prp.usp.br/index5120.html]
[rpbihp.numec.prp.usp.br/index11f0.html]
[rpbihp.numec.prp.usp.br/index49be.html]
[rpbihp.numec.prp.usp.br/index0270.html]
[rpbihp.numec.prp.usp.br/index.php/Pathways_to_the_2023_IHP_thematic_program_Random_Processes_in_the_Brain/Participants.html]
[rpbihp.numec.prp.usp.br/load1cc0.css]
[rpbihp.numec.prp.usp.br/index.php/File_Building_a_stochastic_neural_circuit_of_cortical-pulvinar_interaction.html]
[rpbihp.numec.prp.usp.br/index.php/File_Building_a_stochastic_neural_circuit_of_cortical-pulvinar_interaction-2.html]
[rpbihp.numec.prp.usp.br/index.php/File_An_interview_with_-_Priscilla_Greenwood.html]
[rpbihp.numec.prp.usp.br/index.php/File_Exploring_the_space_of_neural_systems_dynamics.html]
[rpbihp.numec.prp.usp.br/index.php/File_Exploring_the_space_of_neural_systems_dynamics-2.html]
[rpbihp.numec.prp.usp.br/index.php/File_An_interview_with_-_Gilles_Laurent.html]
[rpbihp.numec.prp.usp.br/index.php/File_Structural_and_Temporal_Information.html]
[rpbihp.numec.prp.usp.br/index.php/File_Structural_and_Temporal_Information-2.html]
[rpbihp.numec.prp.usp.br/index.php/File_An_interview_with_-_Wojciech_Szpankowski.html]
[rpbihp.numec.prp.usp.br/index.php/File_Mathematical_neuroscience.html]
[rpbihp.numec.prp.usp.br/index.php/File_Mathematical_Neuroscience-2.html]
[rpbihp.numec.prp.usp.br/index.php/File_An_interview_with_-_Olivier_Faugeras.html]
[rpbihp.numec.prp.usp.br/index.php/File_Current_challenges_for_mesoscopic_neural_population_dynamics_and_metastability.html]
[rpbihp.numec.prp.usp.br/index.php/File_Current_challenges_for_mesoscopic_neural_population_dynamics_and_metastability-2.html]
[rpbihp.numec.prp.usp.br/index.php/File_Replica-mean_field_limits_of_metastable_dynamics.html]
[rpbihp.numec.prp.usp.br/index.php/File_Replica-mean_field_limits_of_metastable_dynamics-2.html]
[rpbihp.numec.prp.usp.br/index.php/File_Single-neuron_model_in_cortical_context.html]
[rpbihp.numec.prp.usp.br/index.php/File_Single-neuron_model_in_cortical_context-2.html]
[rpbihp.numec.prp.usp.br/index.php/File_SaoPaulo22.html]
[rpbihp.numec.prp.usp.br/index.php/File_Disorganization_of_mental_activity_in_psychosis.html]
[rpbihp.numec.prp.usp.br/index.php/File_Disorganization_of_mental_activity_in_psychosis-2.html]
[rpbihp.numec.prp.usp.br/index.php/File_Structure-preserving_Approximate_Bayesian_Computation_(ABC)_for_stochastic_neuronal_models.html]
[rpbihp.numec.prp.usp.br/index.php/File_Structure-preserving_Approximate_Bayesian_Computation_(ABC)_for_stochastic_neuronal_models-2.html]
[rpbihp.numec.prp.usp.br/index.php/File_Simulation-based_inference_for_neural_network_structure.html]
[rpbihp.numec.prp.usp.br/indexf695.html]
[rpbihp.numec.prp.usp.br/indexfef6.html]
[rpbihp.numec.prp.usp.br/index904b.html]
[rpbihp.numec.prp.usp.br/index7492.html]
[rpbihp.numec.prp.usp.br/indexda73.html]
[rpbihp.numec.prp.usp.br/index7d6c.html]
[rpbihp.numec.prp.usp.br/index2b2f.html]
[rpbihp.numec.prp.usp.br/index.php/Pathways_to_the_2023_IHP_thematic_program_Random_Processes_in_the_Brain/Seminars.html]
[rpbihp.numec.prp.usp.br/index.php/File_TheInsectOlfactorySystem.html]
[rpbihp.numec.prp.usp.br/images/thumb/f/f8/TheInsectOlfactorySystem.pdf/page1-200px-TheInsectOlfactorySystem.pdf.jpg]
[rpbihp.numec.prp.usp.br/index734d.html]
[rpbihp.numec.prp.usp.br/indexcb33.html]
[rpbihp.numec.prp.usp.br/index76af.html]
[rpbihp.numec.prp.usp.br/index45af.html]
[rpbihp.numec.prp.usp.br/indexfe6c.html]
[rpbihp.numec.prp.usp.br/index702e.html]
[rpbihp.numec.prp.usp.br/indexe3ff.html]
[rpbihp.numec.prp.usp.br/index.php/Pathways_to_the_2023_IHP_thematic_program_Random_Processes_in_the_Brain/Discussion_tracks.html]
[rpbihp.numec.prp.usp.br/index82fe.html]
[rpbihp.numec.prp.usp.br/index6079.html]
[rpbihp.numec.prp.usp.br/indexaa6c.html]
[rpbihp.numec.prp.usp.br/indexf635.html]
[rpbihp.numec.prp.usp.br/index7c40.html]
[rpbihp.numec.prp.usp.br/index37e3.html]
[rpbihp.numec.prp.usp.br/indexaebf.html]
[rpbihp.numec.prp.usp.br/index.php/Pathways_to_the_2023_IHP_thematic_program_Random_Processes_in_the_Brain/Materials.html]
[rpbihp.numec.prp.usp.br/load8c73.css]
[rpbihp.numec.prp.usp.br/index91a4.html]
[rpbihp.numec.prp.usp.br/load1c74.css]
[rpbihp.numec.prp.usp.br/images/3/32/Poster_rpb_ihp_2023-1.jpg]
[rpbihp.numec.prp.usp.br/images/thumb/3/32/Poster_rpb_ihp_2023-1.jpg/424px-Poster_rpb_ihp_2023-1.jpg]
[rpbihp.numec.prp.usp.br/images/thumb/3/32/Poster_rpb_ihp_2023-1.jpg/170px-Poster_rpb_ihp_2023-1.jpg]
[rpbihp.numec.prp.usp.br/index.php/Template_Non-free_poster.html]
[rpbihp.numec.prp.usp.br/images/thumb/3/32/Poster_rpb_ihp_2023-1.jpg/85px-Poster_rpb_ihp_2023-1.jpg]
[rpbihp.numec.prp.usp.br/index.php/User_Carybe.html]
[rpbihp.numec.prp.usp.br/index.php/User_talk_Carybe.html]
[rpbihp.numec.prp.usp.br/index.php/Special_Contributions/Carybe.html]
[rpbihp.numec.prp.usp.br/index59b1.html]
[rpbihp.numec.prp.usp.br/indexc18d.html]
[rpbihp.numec.prp.usp.br/indexcbbd.html]
[rpbihp.numec.prp.usp.br/indexf4b7.html]
[rpbihp.numec.prp.usp.br/index3120.html]
[rpbihp.numec.prp.usp.br/index8f25.html]
[rpbihp.numec.prp.usp.br/index.php/File_Poster_rpb_ihp_2023-1.html]
[rpbihp.numec.prp.usp.br/images/b/bd/RPB-IHP-Jan_-23_.pdf]
[rpbihp.numec.prp.usp.br/images/thumb/b/bd/RPB-IHP-Jan_-23_.pdf/page1-424px-RPB-IHP-Jan_-23_.pdf.jpg]
[rpbihp.numec.prp.usp.br/images/thumb/b/bd/RPB-IHP-Jan_-23_.pdf/page1-170px-RPB-IHP-Jan_-23_.pdf.jpg]
[rpbihp.numec.prp.usp.br/indexec82.html]
[rpbihp.numec.prp.usp.br/images/thumb/b/bd/RPB-IHP-Jan_-23_.pdf/page2-180px-RPB-IHP-Jan_-23_.pdf.jpg]
[rpbihp.numec.prp.usp.br/index.php/File_RPB-IHP-Jan_-23_4658.html]
[rpbihp.numec.prp.usp.br/index.php/User_Joalpe.html]
[rpbihp.numec.prp.usp.br/index.php/User_talk_Joalpe.html]
[rpbihp.numec.prp.usp.br/index.php/Special_Contributions/Joalpe.html]
[rpbihp.numec.prp.usp.br/index.php/Special_FileDuplicateSearch/RPB-IHP-Jan_-23_.html]
[rpbihp.numec.prp.usp.br/index.php/File_Program-07_11_22.html]
[rpbihp.numec.prp.usp.br/index7b6f.html]
[rpbihp.numec.prp.usp.br/index6448.html]
[rpbihp.numec.prp.usp.br/index4609.html]
[rpbihp.numec.prp.usp.br/index38c8.html]
[rpbihp.numec.prp.usp.br/index85e0.html]
[rpbihp.numec.prp.usp.br/index939c.html]
[rpbihp.numec.prp.usp.br/index.php/File_RPB-IHP-Jan_-23_.html]
[rpbihp.numec.prp.usp.br/images/3/30/RPB_IHP2.pdf]
[rpbihp.numec.prp.usp.br/images/thumb/3/30/RPB_IHP2.pdf/page1-755px-RPB_IHP2.pdf.jpg]
[rpbihp.numec.prp.usp.br/indexd3fa.html]
[rpbihp.numec.prp.usp.br/images/thumb/3/30/RPB_IHP2.pdf/page2-180px-RPB_IHP2.pdf.jpg]
[rpbihp.numec.prp.usp.br/index.php/File_RPB_IHP24658.html]
[rpbihp.numec.prp.usp.br/index1de7.html]
[rpbihp.numec.prp.usp.br/indexd77c.html]
[rpbihp.numec.prp.usp.br/index0dd2.html]
[rpbihp.numec.prp.usp.br/index1f49.html]
[rpbihp.numec.prp.usp.br/indexe788.html]
[rpbihp.numec.prp.usp.br/indexad59.html]
[rpbihp.numec.prp.usp.br/index.php/File_RPB_IHP2.html]
[rpbihp.numec.prp.usp.br/index903a.html]
[rpbihp.numec.prp.usp.br/load4bad.css]
[rpbihp.numec.prp.usp.br/index0b78.html]
[rpbihp.numec.prp.usp.br/index.php/Talk_Pathways_to_the_2023_IHP_thematic_program_Random_Processes_in_the_Brain.html]
[rpbihp.numec.prp.usp.br/index9786.html]
[rpbihp.numec.prp.usp.br/loade395.css]
[rpbihp.numec.prp.usp.br/index215b.html]
[rpbihp.numec.prp.usp.br/index.php/Special_RecentChanges.html]
[rpbihp.numec.prp.usp.br/index.php/Special_WhatLinksHere/Pathways_to_the_2023_IHP_thematic_program_Random_Processes_in_the_Brain.html]
[rpbihp.numec.prp.usp.br/index.php/Special_RecentChangesLinked/Pathways_to_the_2023_IHP_thematic_program_Random_Processes_in_the_Brain.html]
[rpbihp.numec.prp.usp.br/load74b9.css]
[rpbihp.numec.prp.usp.br/index.php/Special_SpecialPages.html]
[rpbihp.numec.prp.usp.br/load0023.css]
[rpbihp.numec.prp.usp.br/load61a1.php]
[rpbihp.numec.prp.usp.br/indexa525.html]
[rpbihp.numec.prp.usp.br/index4a41.html]
[rpbihp.numec.prp.usp.br/index600b.html]
[rpbihp.numec.prp.usp.br/loadad00.css]
[rpbihp.numec.prp.usp.br/indexaa48.html]
[rpbihp.numec.prp.usp.br/index.php/NeuroMat_Privacy_policy.html]
[rpbihp.numec.prp.usp.br/index.php/NeuroMat_About.html]
[rpbihp.numec.prp.usp.br/index.php/NeuroMat_General_disclaimer.html]
[rpbihp.numec.prp.usp.br/images/d/d0/Logo_NeuroMat7ac5.svg]
[rpbihp.numec.prp.usp.br/load3fc3.css]
[rpbihp.numec.prp.usp.br/index8a55.html]
[rpbihp.numec.prp.usp.br/indexf411.html]
[rpbihp.numec.prp.usp.br/index.php/Talk_Pathways_to_the_2023_IHP_thematic_program_Random_Processes_in_the_Brain/Participants.html]
[rpbihp.numec.prp.usp.br/index0d3e.html]
[rpbihp.numec.prp.usp.br/index5120.html]
[rpbihp.numec.prp.usp.br/index.php/Special_WhatLinksHere/Pathways_to_the_2023_IHP_thematic_program_Random_Processes_in_the_Brain/Participants.html]
[rpbihp.numec.prp.usp.br/index.php/Special_RecentChangesLinked/Pathways_to_the_2023_IHP_thematic_program_Random_Processes_in_the_Brain/Participants.html]
[rpbihp.numec.prp.usp.br/loadbf1f.css]
[rpbihp.numec.prp.usp.br/index5f2d.html]
[rpbihp.numec.prp.usp.br/index11f0.html]
[rpbihp.numec.prp.usp.br/index49be.html]
[rpbihp.numec.prp.usp.br/index0270.html]
[rpbihp.numec.prp.usp.br/index.php/Pathways_to_the_2023_IHP_thematic_program_Random_Processes_in_the_Brain/mw.TMHGalleryHook.html]
[rpbihp.numec.prp.usp.br/load1cc0.css]
[rpbihp.numec.prp.usp.br/index7abe.html]
[rpbihp.numec.prp.usp.br/indexd5cb.html]
[rpbihp.numec.prp.usp.br/indexc7b1.html]
[rpbihp.numec.prp.usp.br/index.php/File_Building_a_stochastic_neural_circuit_of_cortical-pulvinar_interaction.html]
[rpbihp.numec.prp.usp.br/load052a.css]
[rpbihp.numec.prp.usp.br/index28bb.html]
[rpbihp.numec.prp.usp.br/index.php/TimedText_Building_a_stochastic_neural_circuit_of_cortical-pulvinar_interaction.html]
[rpbihp.numec.prp.usp.br/index8512.html]
[rpbihp.numec.prp.usp.br/index3b20.html]
[rpbihp.numec.prp.usp.br/index.php/File_Building_a_stochastic_neural_circuit_of_cortical-pulvinar_interaction-2.html]
[rpbihp.numec.prp.usp.br/indexe77b.html]
[rpbihp.numec.prp.usp.br/index.php/TimedText_An_interview_with_-_Priscilla_Greenwood.html]
[rpbihp.numec.prp.usp.br/indexfea4.html]
[rpbihp.numec.prp.usp.br/index6ee3.html]
[rpbihp.numec.prp.usp.br/index.php/File_An_interview_with_-_Priscilla_Greenwood.html]
[rpbihp.numec.prp.usp.br/indexba9f.html]
[rpbihp.numec.prp.usp.br/indexfc6c.html]
[rpbihp.numec.prp.usp.br/indexc64c.html]
[rpbihp.numec.prp.usp.br/index.php/File_Exploring_the_space_of_neural_systems_dynamics.html]
[rpbihp.numec.prp.usp.br/index8c4e.html]
[rpbihp.numec.prp.usp.br/index.php/TimedText_Exploring_the_space_of_neural_systems_dynamics.html]
[rpbihp.numec.prp.usp.br/index5b34.html]
[rpbihp.numec.prp.usp.br/index6690.html]
[rpbihp.numec.prp.usp.br/index.php/File_Exploring_the_space_of_neural_systems_dynamics-2.html]
[rpbihp.numec.prp.usp.br/index4f9d.html]
[rpbihp.numec.prp.usp.br/index.php/TimedText_An_interview_with_-_Gilles_Laurent.html]
[rpbihp.numec.prp.usp.br/indexf902.html]
[rpbihp.numec.prp.usp.br/index66fb.html]
[rpbihp.numec.prp.usp.br/index.php/File_An_interview_with_-_Gilles_Laurent.html]
[rpbihp.numec.prp.usp.br/index50fb.html]
[rpbihp.numec.prp.usp.br/index560e.html]
[rpbihp.numec.prp.usp.br/indexd14d.html]
[rpbihp.numec.prp.usp.br/index.php/File_Structural_and_Temporal_Information.html]
[rpbihp.numec.prp.usp.br/index8307.html]
[rpbihp.numec.prp.usp.br/index.php/TimedText_Structural_and_Temporal_Information.html]
[rpbihp.numec.prp.usp.br/index593b.html]
[rpbihp.numec.prp.usp.br/index8bd5.html]
[rpbihp.numec.prp.usp.br/index.php/File_Structural_and_Temporal_Information-2.html]
[rpbihp.numec.prp.usp.br/index2276.html]
[rpbihp.numec.prp.usp.br/index.php/TimedText_An_interview_with_-_Wojciech_Szpankowski.html]
[rpbihp.numec.prp.usp.br/index4e2d.html]
[rpbihp.numec.prp.usp.br/indexce96.html]
[rpbihp.numec.prp.usp.br/index.php/File_An_interview_with_-_Wojciech_Szpankowski.html]
[rpbihp.numec.prp.usp.br/index8e34.html]
[rpbihp.numec.prp.usp.br/index.php/Página_principal.html]
[rpbihp.numec.prp.usp.br/index5611.html]
[rpbihp.numec.prp.usp.br/index5867.html]
[rpbihp.numec.prp.usp.br/index.php/File_Mathematical_neuroscience.html]
[rpbihp.numec.prp.usp.br/indexe57a.html]
[rpbihp.numec.prp.usp.br/index.php/TimedText_Mathematical_Neuroscience.html]
[rpbihp.numec.prp.usp.br/indexb7ac.html]
[rpbihp.numec.prp.usp.br/index9d5c.html]
[rpbihp.numec.prp.usp.br/index.php/File_Mathematical_Neuroscience-2.html]
[rpbihp.numec.prp.usp.br/index492a.html]
[rpbihp.numec.prp.usp.br/index.php/TimedText_An_interview_with_-_Olivier_Faugeras.html]
[rpbihp.numec.prp.usp.br/index9465.html]
[rpbihp.numec.prp.usp.br/indexf145.html]
[rpbihp.numec.prp.usp.br/index.php/File_An_interview_with_-_Olivier_Faugeras.html]
[rpbihp.numec.prp.usp.br/indexe750.html]
[rpbihp.numec.prp.usp.br/index2d76.html]
[rpbihp.numec.prp.usp.br/index0368.html]
[rpbihp.numec.prp.usp.br/index.php/File_Current_challenges_for_mesoscopic_neural_population_dynamics_and_metastability.html]
[rpbihp.numec.prp.usp.br/index8305.html]
[rpbihp.numec.prp.usp.br/index.php/TimedText_Current_challenges_for_mesoscopic_neural_population_dynamics_and_metastability.html]
[rpbihp.numec.prp.usp.br/index1976.html]
[rpbihp.numec.prp.usp.br/index0770.html]
[rpbihp.numec.prp.usp.br/index.php/File_Current_challenges_for_mesoscopic_neural_population_dynamics_and_metastability-2.html]
[rpbihp.numec.prp.usp.br/index8331.html]
[rpbihp.numec.prp.usp.br/indexd0df.html]
[rpbihp.numec.prp.usp.br/index7b5b.html]
[rpbihp.numec.prp.usp.br/index.php/File_Replica-mean_field_limits_of_metastable_dynamics.html]
[rpbihp.numec.prp.usp.br/index3c9f.html]
[rpbihp.numec.prp.usp.br/index.php/TimedText_Replica-mean_field_limits_of_metastable_dynamics.html]
[rpbihp.numec.prp.usp.br/index8a21.html]
[rpbihp.numec.prp.usp.br/indexd960.html]
[rpbihp.numec.prp.usp.br/index.php/File_Replica-mean_field_limits_of_metastable_dynamics-2.html]
[rpbihp.numec.prp.usp.br/index59a6.html]
[rpbihp.numec.prp.usp.br/indexac40.html]
[rpbihp.numec.prp.usp.br/index8416.html]
[rpbihp.numec.prp.usp.br/index.php/File_Single-neuron_model_in_cortical_context.html]
[rpbihp.numec.prp.usp.br/index1904.html]
[rpbihp.numec.prp.usp.br/index.php/TimedText_Single-neuron_model_in_cortical_context.html]
[rpbihp.numec.prp.usp.br/index4c64.html]
[rpbihp.numec.prp.usp.br/index4bf5.html]
[rpbihp.numec.prp.usp.br/index.php/File_Single-neuron_model_in_cortical_context-2.html]
[rpbihp.numec.prp.usp.br/images/e/ec/SaoPaulo22.pdf]
[rpbihp.numec.prp.usp.br/images/thumb/e/ec/SaoPaulo22.pdf/page1-800px-SaoPaulo22.pdf.jpg]
[rpbihp.numec.prp.usp.br/images/thumb/e/ec/SaoPaulo22.pdf/page1-320px-SaoPaulo22.pdf.jpg]
[rpbihp.numec.prp.usp.br/indexaae6.html]
[rpbihp.numec.prp.usp.br/images/thumb/e/ec/SaoPaulo22.pdf/page2-180px-SaoPaulo22.pdf.jpg]
[rpbihp.numec.prp.usp.br/index.php/File_SaoPaulo224658.html]
[rpbihp.numec.prp.usp.br/images/thumb/e/ec/SaoPaulo22.pdf/page1-120px-SaoPaulo22.pdf.jpg]
[rpbihp.numec.prp.usp.br/indexc9ca.html]
[rpbihp.numec.prp.usp.br/index9ffd.html]
[rpbihp.numec.prp.usp.br/index97e6.html]
[rpbihp.numec.prp.usp.br/index3b7c.html]
[rpbihp.numec.prp.usp.br/indexf07d.html]
[rpbihp.numec.prp.usp.br/index8353.html]
[rpbihp.numec.prp.usp.br/index.php/File_SaoPaulo22.html]
[rpbihp.numec.prp.usp.br/index7948.html]
[rpbihp.numec.prp.usp.br/index4cc7.html]
[rpbihp.numec.prp.usp.br/indexb618.html]
[rpbihp.numec.prp.usp.br/index.php/File_Disorganization_of_mental_activity_in_psychosis.html]
[rpbihp.numec.prp.usp.br/indexb3b4.html]
[rpbihp.numec.prp.usp.br/index.php/TimedText_Disorganization_of_mental_activity_in_psychosis.html]
[rpbihp.numec.prp.usp.br/indexb433.html]
[rpbihp.numec.prp.usp.br/indexa4b1.html]
[rpbihp.numec.prp.usp.br/index.php/File_Disorganization_of_mental_activity_in_psychosis-2.html]
[rpbihp.numec.prp.usp.br/index0afb.html]
[rpbihp.numec.prp.usp.br/index657b.html]
[rpbihp.numec.prp.usp.br/index56e6.html]
[rpbihp.numec.prp.usp.br/index.php/File_Structure-preserving_Approximate_Bayesian_Computation_(ABC)_for_stochastic_neuronal_models.html]
[rpbihp.numec.prp.usp.br/index5af0.html]
[rpbihp.numec.prp.usp.br/index.php/TimedText_Structure-preserving_Approximate_Bayesian_Computation_(ABC)_for_stochastic_neuronal_models.html]
[rpbihp.numec.prp.usp.br/indexbdd8.html]
[rpbihp.numec.prp.usp.br/indexa02e.html]
[rpbihp.numec.prp.usp.br/index.php/File_Structure-preserving_Approximate_Bayesian_Computation_(ABC)_for_stochastic_neuronal_models-2.html]
[rpbihp.numec.prp.usp.br/indexfae2.html]
[rpbihp.numec.prp.usp.br/index182f.html]
[rpbihp.numec.prp.usp.br/index2845.html]
[rpbihp.numec.prp.usp.br/index.php/File_Simulation-based_inference_for_neural_network_structure.html]
[rpbihp.numec.prp.usp.br/indexf695.html]
[rpbihp.numec.prp.usp.br/indexfef6.html]
[rpbihp.numec.prp.usp.br/index.php/Talk_Pathways_to_the_2023_IHP_thematic_program_Random_Processes_in_the_Brain/Seminars.html]
[rpbihp.numec.prp.usp.br/index904b.html]
[rpbihp.numec.prp.usp.br/index7492.html]
[rpbihp.numec.prp.usp.br/index.php/Special_WhatLinksHere/Pathways_to_the_2023_IHP_thematic_program_Random_Processes_in_the_Brain/Seminars.html]
[rpbihp.numec.prp.usp.br/index.php/Special_RecentChangesLinked/Pathways_to_the_2023_IHP_thematic_program_Random_Processes_in_the_Brain/Seminars.html]
[rpbihp.numec.prp.usp.br/load291c.css]
[rpbihp.numec.prp.usp.br/indexd6e6.html]
[rpbihp.numec.prp.usp.br/indexda73.html]
[rpbihp.numec.prp.usp.br/index7d6c.html]
[rpbihp.numec.prp.usp.br/index2b2f.html]
[rpbihp.numec.prp.usp.br/images/f/f8/TheInsectOlfactorySystem.pdf]
[rpbihp.numec.prp.usp.br/images/thumb/f/f8/TheInsectOlfactorySystem.pdf/page1-424px-TheInsectOlfactorySystem.pdf.jpg]
[rpbihp.numec.prp.usp.br/images/thumb/f/f8/TheInsectOlfactorySystem.pdf/page1-170px-TheInsectOlfactorySystem.pdf.jpg]
[rpbihp.numec.prp.usp.br/indexd226.html]
[rpbihp.numec.prp.usp.br/images/thumb/f/f8/TheInsectOlfactorySystem.pdf/page2-180px-TheInsectOlfactorySystem.pdf.jpg]
[rpbihp.numec.prp.usp.br/index.php/File_TheInsectOlfactorySystem4658.html]
[rpbihp.numec.prp.usp.br/images/thumb/f/f8/TheInsectOlfactorySystem.pdf/page1-85px-TheInsectOlfactorySystem.pdf.jpg]
[rpbihp.numec.prp.usp.br/images/archive/f/f8/20220609135338!TheInsectOlfactorySystem.pdf]
[rpbihp.numec.prp.usp.br/index546b.html]
[rpbihp.numec.prp.usp.br/indexfcd8.html]
[rpbihp.numec.prp.usp.br/indexdb1f.html]
[rpbihp.numec.prp.usp.br/indexba47.html]
[rpbihp.numec.prp.usp.br/index6f4e.html]
[rpbihp.numec.prp.usp.br/index1c86.html]
[rpbihp.numec.prp.usp.br/index.php/File_TheInsectOlfactorySystem.html]
[rpbihp.numec.prp.usp.br/index734d.html]
[rpbihp.numec.prp.usp.br/indexcb33.html]
[rpbihp.numec.prp.usp.br/index.php/Talk_Pathways_to_the_2023_IHP_thematic_program_Random_Processes_in_the_Brain/Discussion_tracks.html]
[rpbihp.numec.prp.usp.br/index76af.html]
[rpbihp.numec.prp.usp.br/index45af.html]
[rpbihp.numec.prp.usp.br/index.php/Special_WhatLinksHere/Pathways_to_the_2023_IHP_thematic_program_Random_Processes_in_the_Brain/Discussion_tracks.html]
[rpbihp.numec.prp.usp.br/index.php/Special_RecentChangesLinked/Pathways_to_the_2023_IHP_thematic_program_Random_Processes_in_the_Brain/Discussion_tracks.html]
[rpbihp.numec.prp.usp.br/index807d.html]
[rpbihp.numec.prp.usp.br/indexfe6c.html]
[rpbihp.numec.prp.usp.br/index702e.html]
[rpbihp.numec.prp.usp.br/indexe3ff.html]
[rpbihp.numec.prp.usp.br/index82fe.html]
[rpbihp.numec.prp.usp.br/index6079.html]
[rpbihp.numec.prp.usp.br/index.php/Talk_Pathways_to_the_2023_IHP_thematic_program_Random_Processes_in_the_Brain/Materials.html]
[rpbihp.numec.prp.usp.br/indexaa6c.html]
[rpbihp.numec.prp.usp.br/indexf635.html]
[rpbihp.numec.prp.usp.br/index.php/Special_WhatLinksHere/Pathways_to_the_2023_IHP_thematic_program_Random_Processes_in_the_Brain/Materials.html]
[rpbihp.numec.prp.usp.br/index.php/Special_RecentChangesLinked/Pathways_to_the_2023_IHP_thematic_program_Random_Processes_in_the_Brain/Materials.html]
[rpbihp.numec.prp.usp.br/index353b.html]
[rpbihp.numec.prp.usp.br/index7c40.html]
[rpbihp.numec.prp.usp.br/index37e3.html]
[rpbihp.numec.prp.usp.br/indexaebf.html]
[rpbihp.numec.prp.usp.br/resources/src/mediawiki/htmlform/images/question66b7.png]
[rpbihp.numec.prp.usp.br/load8c73.css]
[rpbihp.numec.prp.usp.br/resources/src/mediawiki.action/images/checkerd8b5.png]
[rpbihp.numec.prp.usp.br/load1c74.css]
[rpbihp.numec.prp.usp.br/indexef22.html]
[rpbihp.numec.prp.usp.br/index1c13.html]
[rpbihp.numec.prp.usp.br/indexc5e0.html]
[rpbihp.numec.prp.usp.br/index8b12.html]
[rpbihp.numec.prp.usp.br/indexd794.html]
[rpbihp.numec.prp.usp.br/index1ea9.html]
[rpbihp.numec.prp.usp.br/index6a03.html]
[rpbihp.numec.prp.usp.br/index.php/Template_Non-free_poster.html]
[rpbihp.numec.prp.usp.br/index.php/User_Carybe.html]
[rpbihp.numec.prp.usp.br/index.php/User_talk_Carybe.html]
[rpbihp.numec.prp.usp.br/load3adf.css]
[rpbihp.numec.prp.usp.br/index.php/Special_Contributions/Carybe.html]
[rpbihp.numec.prp.usp.br/index59b1.html]
[rpbihp.numec.prp.usp.br/indexc18d.html]
[rpbihp.numec.prp.usp.br/index.php/File_talk_Poster_rpb_ihp_2023-1.html]
[rpbihp.numec.prp.usp.br/indexcbbd.html]
[rpbihp.numec.prp.usp.br/indexf4b7.html]
[rpbihp.numec.prp.usp.br/index.php/Special_WhatLinksHere/File_Poster_rpb_ihp_2023-1.html]
[rpbihp.numec.prp.usp.br/index.php/Special_RecentChangesLinked/File_Poster_rpb_ihp_2023-1.html]
[rpbihp.numec.prp.usp.br/loadac1e.css]
[rpbihp.numec.prp.usp.br/index5356.html]
[rpbihp.numec.prp.usp.br/index3120.html]
[rpbihp.numec.prp.usp.br/index8f25.html]
[rpbihp.numec.prp.usp.br/images/thumb/b/bd/RPB-IHP-Jan_-23_.pdf/page2-424px-RPB-IHP-Jan_-23_.pdf.jpg]
[rpbihp.numec.prp.usp.br/images/thumb/b/bd/RPB-IHP-Jan_-23_.pdf/page2-170px-RPB-IHP-Jan_-23_.pdf.jpg]
[rpbihp.numec.prp.usp.br/images/thumb/b/bd/RPB-IHP-Jan_-23_.pdf/page1-180px-RPB-IHP-Jan_-23_.pdf.jpg]
[rpbihp.numec.prp.usp.br/index.php/File_RPB-IHP-Jan_-23_2679.html]
[rpbihp.numec.prp.usp.br/index588c.html]
[rpbihp.numec.prp.usp.br/index2fb4.html]
[rpbihp.numec.prp.usp.br/images/thumb/b/bd/RPB-IHP-Jan_-23_.pdf/page3-180px-RPB-IHP-Jan_-23_.pdf.jpg]
[rpbihp.numec.prp.usp.br/index.php/File_RPB-IHP-Jan_-23_9ba9.html]
[rpbihp.numec.prp.usp.br/indexcaf9.html]
[rpbihp.numec.prp.usp.br/index277b.html]
[rpbihp.numec.prp.usp.br/indexec82.html]
[rpbihp.numec.prp.usp.br/index.php/File_RPB-IHP-Jan_-23_4658.html]
[rpbihp.numec.prp.usp.br/index.php/User_Joalpe.html]
[rpbihp.numec.prp.usp.br/index.php/User_talk_Joalpe.html]
[rpbihp.numec.prp.usp.br/index.php/Special_Contributions/Joalpe.html]
[rpbihp.numec.prp.usp.br/load1bee.css]
[rpbihp.numec.prp.usp.br/index.php/Special_FileDuplicateSearch/RPB-IHP-Jan_-23_.html]
[rpbihp.numec.prp.usp.br/images/6/6b/Program-07_11_22.pdf]
[rpbihp.numec.prp.usp.br/images/thumb/6/6b/Program-07_11_22.pdf/page1-424px-Program-07_11_22.pdf.jpg]
[rpbihp.numec.prp.usp.br/images/thumb/6/6b/Program-07_11_22.pdf/page1-170px-Program-07_11_22.pdf.jpg]
[rpbihp.numec.prp.usp.br/index066c.html]
[rpbihp.numec.prp.usp.br/images/thumb/6/6b/Program-07_11_22.pdf/page2-180px-Program-07_11_22.pdf.jpg]
[rpbihp.numec.prp.usp.br/index.php/File_Program-07_11_224658.html]
[rpbihp.numec.prp.usp.br/images/thumb/6/6b/Program-07_11_22.pdf/page1-85px-Program-07_11_22.pdf.jpg]
[rpbihp.numec.prp.usp.br/images/archive/6/6b/20230203210544!Program-07_11_22.pdf]
[rpbihp.numec.prp.usp.br/images/thumb/archive/6/6b/20230203210544!Program-07_11_22.pdf/page1-85px-Program-07_11_22.pdf.jpg]
[rpbihp.numec.prp.usp.br/index.php/Special_FileDuplicateSearch/Program-07_11_22.html]
[rpbihp.numec.prp.usp.br/indexd299.html]
[rpbihp.numec.prp.usp.br/index5136.html]
[rpbihp.numec.prp.usp.br/index0ae9.html]
[rpbihp.numec.prp.usp.br/indexb401.html]
[rpbihp.numec.prp.usp.br/index2df3.html]
[rpbihp.numec.prp.usp.br/index620f.html]
[rpbihp.numec.prp.usp.br/index.php/File_Program-07_11_22.html]
[rpbihp.numec.prp.usp.br/index7b6f.html]
[rpbihp.numec.prp.usp.br/index6448.html]
[rpbihp.numec.prp.usp.br/index.php/File_talk_RPB-IHP-Jan_-23_.html]
[rpbihp.numec.prp.usp.br/index4609.html]
[rpbihp.numec.prp.usp.br/index38c8.html]
[rpbihp.numec.prp.usp.br/index.php/Special_WhatLinksHere/File_RPB-IHP-Jan_-23_.html]
[rpbihp.numec.prp.usp.br/index.php/Special_RecentChangesLinked/File_RPB-IHP-Jan_-23_.html]
[rpbihp.numec.prp.usp.br/indexcb11.html]
[rpbihp.numec.prp.usp.br/index85e0.html]
[rpbihp.numec.prp.usp.br/index939c.html]
[rpbihp.numec.prp.usp.br/images/thumb/3/30/RPB_IHP2.pdf/page2-755px-RPB_IHP2.pdf.jpg]
[rpbihp.numec.prp.usp.br/images/thumb/3/30/RPB_IHP2.pdf/page1-180px-RPB_IHP2.pdf.jpg]
[rpbihp.numec.prp.usp.br/index.php/File_RPB_IHP22679.html]
[rpbihp.numec.prp.usp.br/index0317.html]
[rpbihp.numec.prp.usp.br/index1cb4.html]
[rpbihp.numec.prp.usp.br/images/thumb/3/30/RPB_IHP2.pdf/page3-180px-RPB_IHP2.pdf.jpg]
[rpbihp.numec.prp.usp.br/index.php/File_RPB_IHP29ba9.html]
[rpbihp.numec.prp.usp.br/indexa25e.html]
[rpbihp.numec.prp.usp.br/index75e1.html]
[rpbihp.numec.prp.usp.br/indexd3fa.html]
[rpbihp.numec.prp.usp.br/index.php/File_RPB_IHP24658.html]
[rpbihp.numec.prp.usp.br/index1de7.html]
[rpbihp.numec.prp.usp.br/indexd77c.html]
[rpbihp.numec.prp.usp.br/index.php/File_talk_RPB_IHP2.html]
[rpbihp.numec.prp.usp.br/index0dd2.html]
[rpbihp.numec.prp.usp.br/index1f49.html]
[rpbihp.numec.prp.usp.br/index.php/Special_WhatLinksHere/File_RPB_IHP2.html]
[rpbihp.numec.prp.usp.br/index.php/Special_RecentChangesLinked/File_RPB_IHP2.html]
[rpbihp.numec.prp.usp.br/indexac62.html]
[rpbihp.numec.prp.usp.br/indexe788.html]
[rpbihp.numec.prp.usp.br/indexad59.html]
[rpbihp.numec.prp.usp.br/resources/src/mediawiki.special/images/icon-lock0559.png]
[rpbihp.numec.prp.usp.br/load4bad.css]
[rpbihp.numec.prp.usp.br/resources/src/mediawiki/images/feed-icon25e3.png]
[rpbihp.numec.prp.usp.br/resources/src/mediawiki/images/help7ca4.png]
[rpbihp.numec.prp.usp.br/loade395.css]
[rpbihp.numec.prp.usp.br/load74b9.css]
[rpbihp.numec.prp.usp.br/load0023.css]
[rpbihp.numec.prp.usp.br/indexa525.html]
[rpbihp.numec.prp.usp.br/loadad00.css]
[rpbihp.numec.prp.usp.br/images/d/d0/Logo_-_Neuromat_-_Squared_-_EN_v2.html]
[rpbihp.numec.prp.usp.br/loadbf1f.css]
[rpbihp.numec.prp.usp.br/index5f2d.html]
[rpbihp.numec.prp.usp.br/_https_/www.wikidata.org/wiki/Special_EntityPage/P180/_.html]
[rpbihp.numec.prp.usp.br/_https_/www.wikidata.org/wiki/Special_EntityPage/Q429785/_.html]
[rpbihp.numec.prp.usp.br/_https_/www.wikidata.org/wiki/Special_EntityPage/P6216/_.html]
[rpbihp.numec.prp.usp.br/_https_/www.wikidata.org/wiki/Special_EntityPage/Q50423863/_.html]
[rpbihp.numec.prp.usp.br/_https_/www.wikidata.org/wiki/Special_EntityPage/P275/_.html]
[rpbihp.numec.prp.usp.br/_https_/www.wikidata.org/wiki/Special_EntityPage/Q18199165/_.html]
[rpbihp.numec.prp.usp.br/_https_/www.wikidata.org/wiki/Special_EntityPage/P571/_.html]
[rpbihp.numec.prp.usp.br/_https_/www.wikidata.org/wiki/Special_EntityPage/P4082/_.html]
[rpbihp.numec.prp.usp.br/_https_/www.wikidata.org/wiki/Special_EntityPage/Q65054/_.html]
[rpbihp.numec.prp.usp.br/_https_/www.wikidata.org/wiki/Special_EntityPage/P6757/_.html]
[rpbihp.numec.prp.usp.br/_https_/www.wikidata.org/wiki/Special_EntityPage/P6790/_.html]
[rpbihp.numec.prp.usp.br/_https_/www.wikidata.org/wiki/Special_EntityPage/P2151/_.html]
[rpbihp.numec.prp.usp.br/_https_/www.wikidata.org/wiki/Special_EntityPage/P6789/_.html]
[rpbihp.numec.prp.usp.br/_https_/www.wikidata.org/wiki/Special_EntityPage/P1163/_.html]
[rpbihp.numec.prp.usp.br/_https_/www.wikidata.org/wiki/Special_EntityPage/P31/_.html]
[rpbihp.numec.prp.usp.br/_https_/www.wikidata.org/wiki/Special_EntityPage/Q125191/_.html]
[rpbihp.numec.prp.usp.br/_https_/www.wikidata.org/wiki/Special_EntityPage/P4092/_.html]
[rpbihp.numec.prp.usp.br/_https_/www.wikidata.org/wiki/Special_EntityPage/P459/_.html]
[rpbihp.numec.prp.usp.br/_https_/www.wikidata.org/wiki/Special_EntityPage/Q13414952/_.html]
[rpbihp.numec.prp.usp.br/_https_/www.wikidata.org/wiki/Special_EntityPage/P3575/_.html]
[rpbihp.numec.prp.usp.br/_https_/www.wikidata.org/wiki/Special_EntityPage/P2048/_.html]
[rpbihp.numec.prp.usp.br/_https_/www.wikidata.org/wiki/Special_EntityPage/P2049/_.html]
[rpbihp.numec.prp.usp.br/index7abe.html]
[rpbihp.numec.prp.usp.br/index.php/File_talk_Building_a_stochastic_neural_circuit_of_cortical-pulvinar_interaction.html]
[rpbihp.numec.prp.usp.br/index.php/Special_WhatLinksHere/File_Building_a_stochastic_neural_circuit_of_cortical-pulvinar_interaction.html]
[rpbihp.numec.prp.usp.br/index0865.html]
[rpbihp.numec.prp.usp.br/indexd5cb.html]
[rpbihp.numec.prp.usp.br/indexc7b1.html]
[rpbihp.numec.prp.usp.br/index.php/Mw.TMHGalleryHook.html]
[rpbihp.numec.prp.usp.br/load052a.css]
[rpbihp.numec.prp.usp.br/_https_/www.wikidata.org/wiki/Special_EntityPage/P2047/_.html]
[rpbihp.numec.prp.usp.br/index.php/_https_/upload.wikimedia.org/wikipedia/commons/thumb/4/4d/Building_a_stochastic_neural_circuit_of_cortica/854px--Building_a_stochastic_neural_circuit_of_cortical-pulvinar_interaction.webm.ea.de]
[rpbihp.numec.prp.usp.br/index.php/_https_/upload.wikimedia.org/wikipedia/commons/transcoded/4/4d/Building_a_stochastic_neural_circuit_of_cortica/Building_a_stochastic_neural_circuit_of_cortical-pulvinar_interaction.webm.480p.vp]
[rpbihp.numec.prp.usp.br/index.php/_https_/upload.wikimedia.org/wikipedia/commons/4/4d/Building_a_stochastic_neural_circuit_of_cortical-pulvinar_interaction.html]
[rpbihp.numec.prp.usp.br/index.php/_https_/upload.wikimedia.org/wikipedia/commons/transcoded/4/4d/Building_a_stochastic_neural_circuit_of_cortica/Building_a_stochastic_neural_circuit_of_cortical-pulvinar_interaction.webm.144p.mj]
[rpbihp.numec.prp.usp.br/index.php/_https_/upload.wikimedia.org/wikipedia/commons/transcoded/4/4d/Building_a_stochastic_neural_circuit_of_cortica/Building_a_stochastic_neural_circuit_of_cortical-pulvinar_interaction.webm.240p.vp]
[rpbihp.numec.prp.usp.br/index.php/_https_/upload.wikimedia.org/wikipedia/commons/transcoded/4/4d/Building_a_stochastic_neural_circuit_of_cortica/Building_a_stochastic_neural_circuit_of_cortical-pulvinar_interaction.webm.360p.ef]
[rpbihp.numec.prp.usp.br/index28bb.html]
[rpbihp.numec.prp.usp.br/index.php/File_talk_Building_a_stochastic_neural_circuit_of_cortical-pulvinar_interaction-2.html]
[rpbihp.numec.prp.usp.br/index9df3.html]
[rpbihp.numec.prp.usp.br/index1634.html]
[rpbihp.numec.prp.usp.br/index.php/TimedText_Building_a_stochastic_neural_circuit_of_cortical-pulvinar_interaction.html]
[rpbihp.numec.prp.usp.br/index.php/Special_WhatLinksHere/File_Building_a_stochastic_neural_circuit_of_cortical-pulvinar_interaction-2.html]
[rpbihp.numec.prp.usp.br/loadc8ab.css]
[rpbihp.numec.prp.usp.br/index5f9b.html]
[rpbihp.numec.prp.usp.br/index8512.html]
[rpbihp.numec.prp.usp.br/index3b20.html]
[rpbihp.numec.prp.usp.br/index.php/_https_/upload.wikimedia.org/wikipedia/commons/thumb/c/ca/An_interview_with_-_Priscilla_Greenwood.webm/854px--An_interview_with_-_Priscilla_Greenwood.webm.html]
[rpbihp.numec.prp.usp.br/index.php/_https_/upload.wikimedia.org/wikipedia/commons/transcoded/c/ca/An_interview_with_-_Priscilla_Greenwood.webm/An_interview_with_-_Priscilla_Greenwood.webm.480p.vp9.html]
[rpbihp.numec.prp.usp.br/index.php/_https_/upload.wikimedia.org/wikipedia/commons/c/ca/An_interview_with_-_Priscilla_Greenwood.html]
[rpbihp.numec.prp.usp.br/index.php/_https_/upload.wikimedia.org/wikipedia/commons/transcoded/c/ca/An_interview_with_-_Priscilla_Greenwood.webm/An_interview_with_-_Priscilla_Greenwood.webm.144p.mjpeg.html]
[rpbihp.numec.prp.usp.br/index.php/_https_/upload.wikimedia.org/wikipedia/commons/transcoded/c/ca/An_interview_with_-_Priscilla_Greenwood.webm/An_interview_with_-_Priscilla_Greenwood.webm.240p.vp9.html]
[rpbihp.numec.prp.usp.br/index.php/_https_/upload.wikimedia.org/wikipedia/commons/transcoded/c/ca/An_interview_with_-_Priscilla_Greenwood.webm/An_interview_with_-_Priscilla_Greenwood.webm.360p.html]
[rpbihp.numec.prp.usp.br/indexe77b.html]
[rpbihp.numec.prp.usp.br/index.php/File_talk_An_interview_with_-_Priscilla_Greenwood.html]
[rpbihp.numec.prp.usp.br/indexadf3.html]
[rpbihp.numec.prp.usp.br/indexc7b2.html]
[rpbihp.numec.prp.usp.br/index.php/TimedText_An_interview_with_-_Priscilla_Greenwood.html]
[rpbihp.numec.prp.usp.br/index.php/Special_WhatLinksHere/File_An_interview_with_-_Priscilla_Greenwood.html]
[rpbihp.numec.prp.usp.br/indexa74c.html]
[rpbihp.numec.prp.usp.br/indexfea4.html]
[rpbihp.numec.prp.usp.br/index6ee3.html]
[rpbihp.numec.prp.usp.br/indexba9f.html]
[rpbihp.numec.prp.usp.br/index.php/File_talk_Exploring_the_space_of_neural_systems_dynamics.html]
[rpbihp.numec.prp.usp.br/index.php/Special_WhatLinksHere/File_Exploring_the_space_of_neural_systems_dynamics.html]
[rpbihp.numec.prp.usp.br/indexc27d.html]
[rpbihp.numec.prp.usp.br/indexfc6c.html]
[rpbihp.numec.prp.usp.br/indexc64c.html]
[rpbihp.numec.prp.usp.br/index.php/_https_/upload.wikimedia.org/wikipedia/commons/thumb/8/82/Exploring_the_space_of_neural_systems_dynamics.webm/854px--Exploring_the_space_of_neural_systems_dynamics.webm.html]
[rpbihp.numec.prp.usp.br/index.php/_https_/upload.wikimedia.org/wikipedia/commons/transcoded/8/82/Exploring_the_space_of_neural_systems_dynamics.webm/Exploring_the_space_of_neural_systems_dynamics.webm.480p.vp9.html]
[rpbihp.numec.prp.usp.br/index.php/_https_/upload.wikimedia.org/wikipedia/commons/8/82/Exploring_the_space_of_neural_systems_dynamics.html]
[rpbihp.numec.prp.usp.br/index.php/_https_/upload.wikimedia.org/wikipedia/commons/transcoded/8/82/Exploring_the_space_of_neural_systems_dynamics.webm/Exploring_the_space_of_neural_systems_dynamics.webm.144p.mjpeg.html]
[rpbihp.numec.prp.usp.br/index.php/_https_/upload.wikimedia.org/wikipedia/commons/transcoded/8/82/Exploring_the_space_of_neural_systems_dynamics.webm/Exploring_the_space_of_neural_systems_dynamics.webm.240p.vp9.html]
[rpbihp.numec.prp.usp.br/index.php/_https_/upload.wikimedia.org/wikipedia/commons/transcoded/8/82/Exploring_the_space_of_neural_systems_dynamics.webm/Exploring_the_space_of_neural_systems_dynamics.webm.360p.html]
[rpbihp.numec.prp.usp.br/index8c4e.html]
[rpbihp.numec.prp.usp.br/index.php/File_talk_Exploring_the_space_of_neural_systems_dynamics-2.html]
[rpbihp.numec.prp.usp.br/index99ff.html]
[rpbihp.numec.prp.usp.br/indexaab1.html]
[rpbihp.numec.prp.usp.br/index.php/TimedText_Exploring_the_space_of_neural_systems_dynamics.html]
[rpbihp.numec.prp.usp.br/index.php/Special_WhatLinksHere/File_Exploring_the_space_of_neural_systems_dynamics-2.html]
[rpbihp.numec.prp.usp.br/indexa256.html]
[rpbihp.numec.prp.usp.br/index5b34.html]
[rpbihp.numec.prp.usp.br/index6690.html]
[rpbihp.numec.prp.usp.br/index.php/_https_/upload.wikimedia.org/wikipedia/commons/thumb/4/45/An_interview_with_-_Gilles_Laurent.webm/854px--An_interview_with_-_Gilles_Laurent.webm.html]
[rpbihp.numec.prp.usp.br/index.php/_https_/upload.wikimedia.org/wikipedia/commons/transcoded/4/45/An_interview_with_-_Gilles_Laurent.webm/An_interview_with_-_Gilles_Laurent.webm.480p.vp9.html]
[rpbihp.numec.prp.usp.br/index.php/_https_/upload.wikimedia.org/wikipedia/commons/4/45/An_interview_with_-_Gilles_Laurent.html]
[rpbihp.numec.prp.usp.br/index.php/_https_/upload.wikimedia.org/wikipedia/commons/transcoded/4/45/An_interview_with_-_Gilles_Laurent.webm/An_interview_with_-_Gilles_Laurent.webm.1080p.vp9.html]
[rpbihp.numec.prp.usp.br/index.php/_https_/upload.wikimedia.org/wikipedia/commons/transcoded/4/45/An_interview_with_-_Gilles_Laurent.webm/An_interview_with_-_Gilles_Laurent.webm.144p.mjpeg.html]
[rpbihp.numec.prp.usp.br/index.php/_https_/upload.wikimedia.org/wikipedia/commons/transcoded/4/45/An_interview_with_-_Gilles_Laurent.webm/An_interview_with_-_Gilles_Laurent.webm.240p.vp9.html]
[rpbihp.numec.prp.usp.br/index.php/_https_/upload.wikimedia.org/wikipedia/commons/transcoded/4/45/An_interview_with_-_Gilles_Laurent.webm/An_interview_with_-_Gilles_Laurent.webm.360p.html]
[rpbihp.numec.prp.usp.br/index4f9d.html]
[rpbihp.numec.prp.usp.br/index.php/File_talk_An_interview_with_-_Gilles_Laurent.html]
[rpbihp.numec.prp.usp.br/index9cb7.html]
[rpbihp.numec.prp.usp.br/index45e5.html]
[rpbihp.numec.prp.usp.br/index.php/TimedText_An_interview_with_-_Gilles_Laurent.html]
[rpbihp.numec.prp.usp.br/index.php/Special_WhatLinksHere/File_An_interview_with_-_Gilles_Laurent.html]
[rpbihp.numec.prp.usp.br/indexb921.html]
[rpbihp.numec.prp.usp.br/indexf902.html]
[rpbihp.numec.prp.usp.br/index66fb.html]
[rpbihp.numec.prp.usp.br/index50fb.html]
[rpbihp.numec.prp.usp.br/index.php/File_talk_Structural_and_Temporal_Information.html]
[rpbihp.numec.prp.usp.br/index.php/Special_WhatLinksHere/File_Structural_and_Temporal_Information.html]
[rpbihp.numec.prp.usp.br/index5654.html]
[rpbihp.numec.prp.usp.br/index560e.html]
[rpbihp.numec.prp.usp.br/indexd14d.html]
[rpbihp.numec.prp.usp.br/index.php/_https_/upload.wikimedia.org/wikipedia/commons/thumb/2/2e/Structural_and_Temporal_Information.webm/854px--Structural_and_Temporal_Information.webm.html]
[rpbihp.numec.prp.usp.br/index.php/_https_/upload.wikimedia.org/wikipedia/commons/transcoded/2/2e/Structural_and_Temporal_Information.webm/Structural_and_Temporal_Information.webm.480p.vp9.html]
[rpbihp.numec.prp.usp.br/index.php/_https_/upload.wikimedia.org/wikipedia/commons/2/2e/Structural_and_Temporal_Information.html]
[rpbihp.numec.prp.usp.br/index.php/_https_/upload.wikimedia.org/wikipedia/commons/transcoded/2/2e/Structural_and_Temporal_Information.webm/Structural_and_Temporal_Information.webm.240p.vp9.html]
[rpbihp.numec.prp.usp.br/index.php/_https_/upload.wikimedia.org/wikipedia/commons/transcoded/2/2e/Structural_and_Temporal_Information.webm/Structural_and_Temporal_Information.webm.360p.html]
[rpbihp.numec.prp.usp.br/index8307.html]
[rpbihp.numec.prp.usp.br/index.php/File_talk_Structural_and_Temporal_Information-2.html]
[rpbihp.numec.prp.usp.br/index4450.html]
[rpbihp.numec.prp.usp.br/indexea5c.html]
[rpbihp.numec.prp.usp.br/index.php/TimedText_Structural_and_Temporal_Information.html]
[rpbihp.numec.prp.usp.br/index.php/Special_WhatLinksHere/File_Structural_and_Temporal_Information-2.html]
[rpbihp.numec.prp.usp.br/index53f3.html]
[rpbihp.numec.prp.usp.br/index593b.html]
[rpbihp.numec.prp.usp.br/index8bd5.html]
[rpbihp.numec.prp.usp.br/index.php/_https_/upload.wikimedia.org/wikipedia/commons/thumb/e/e4/An_interview_with_-_Wojciech_Szpankowski.webm/854px--An_interview_with_-_Wojciech_Szpankowski.webm.html]
[rpbihp.numec.prp.usp.br/index.php/_https_/upload.wikimedia.org/wikipedia/commons/transcoded/e/e4/An_interview_with_-_Wojciech_Szpankowski.webm/An_interview_with_-_Wojciech_Szpankowski.webm.480p.vp9.html]
[rpbihp.numec.prp.usp.br/index.php/_https_/upload.wikimedia.org/wikipedia/commons/e/e4/An_interview_with_-_Wojciech_Szpankowski.html]
[rpbihp.numec.prp.usp.br/index.php/_https_/upload.wikimedia.org/wikipedia/commons/transcoded/e/e4/An_interview_with_-_Wojciech_Szpankowski.webm/An_interview_with_-_Wojciech_Szpankowski.webm.144p.mjpeg.html]
[rpbihp.numec.prp.usp.br/index.php/_https_/upload.wikimedia.org/wikipedia/commons/transcoded/e/e4/An_interview_with_-_Wojciech_Szpankowski.webm/An_interview_with_-_Wojciech_Szpankowski.webm.240p.vp9.html]
[rpbihp.numec.prp.usp.br/index.php/_https_/upload.wikimedia.org/wikipedia/commons/transcoded/e/e4/An_interview_with_-_Wojciech_Szpankowski.webm/An_interview_with_-_Wojciech_Szpankowski.webm.360p.html]
[rpbihp.numec.prp.usp.br/index2276.html]
[rpbihp.numec.prp.usp.br/index.php/File_talk_An_interview_with_-_Wojciech_Szpankowski.html]
[rpbihp.numec.prp.usp.br/index6ef0.html]
[rpbihp.numec.prp.usp.br/index996c.html]
[rpbihp.numec.prp.usp.br/index.php/TimedText_An_interview_with_-_Wojciech_Szpankowski.html]
[rpbihp.numec.prp.usp.br/index.php/Special_WhatLinksHere/File_An_interview_with_-_Wojciech_Szpankowski.html]
[rpbihp.numec.prp.usp.br/index1d9e.html]
[rpbihp.numec.prp.usp.br/index4e2d.html]
[rpbihp.numec.prp.usp.br/indexce96.html]
[rpbihp.numec.prp.usp.br/index8e34.html]
[rpbihp.numec.prp.usp.br/index.php/File_talk_Mathematical_neuroscience.html]
[rpbihp.numec.prp.usp.br/index4d64.html]
[rpbihp.numec.prp.usp.br/index0daf.html]
[rpbihp.numec.prp.usp.br/index.php/Página_principal-2.html]
[rpbihp.numec.prp.usp.br/indexfe3f.html]
[rpbihp.numec.prp.usp.br/indexac25.html]
[rpbihp.numec.prp.usp.br/index9a40.html]
[rpbihp.numec.prp.usp.br/indexd01c.html]
[rpbihp.numec.prp.usp.br/index3b8a.html]
[rpbihp.numec.prp.usp.br/index3cf6.html]
[rpbihp.numec.prp.usp.br/index.php/Página_principal.html]
[rpbihp.numec.prp.usp.br/index.php/Special_WhatLinksHere/File_Mathematical_neuroscience.html]
[rpbihp.numec.prp.usp.br/indexd6ab.html]
[rpbihp.numec.prp.usp.br/index5611.html]
[rpbihp.numec.prp.usp.br/index5867.html]
[rpbihp.numec.prp.usp.br/index.php/_https_/upload.wikimedia.org/wikipedia/commons/thumb/6/66/Mathematical_Neuroscience.webm/854px--Mathematical_Neuroscience.webm.html]
[rpbihp.numec.prp.usp.br/index.php/_https_/upload.wikimedia.org/wikipedia/commons/transcoded/6/66/Mathematical_Neuroscience.webm/Mathematical_Neuroscience.webm.480p.vp9.html]
[rpbihp.numec.prp.usp.br/index.php/_https_/upload.wikimedia.org/wikipedia/commons/6/66/Mathematical_Neuroscience.html]
[rpbihp.numec.prp.usp.br/index.php/_https_/upload.wikimedia.org/wikipedia/commons/transcoded/6/66/Mathematical_Neuroscience.webm/Mathematical_Neuroscience.webm.240p.vp9.html]
[rpbihp.numec.prp.usp.br/index.php/_https_/upload.wikimedia.org/wikipedia/commons/transcoded/6/66/Mathematical_Neuroscience.webm/Mathematical_Neuroscience.webm.360p.html]
[rpbihp.numec.prp.usp.br/indexe57a.html]
[rpbihp.numec.prp.usp.br/index.php/File_talk_Mathematical_Neuroscience-2.html]
[rpbihp.numec.prp.usp.br/index7ef4.html]
[rpbihp.numec.prp.usp.br/index50a7.html]
[rpbihp.numec.prp.usp.br/index.php/TimedText_Mathematical_Neuroscience.html]
[rpbihp.numec.prp.usp.br/index.php/Special_WhatLinksHere/File_Mathematical_Neuroscience-2.html]
[rpbihp.numec.prp.usp.br/indexae40.html]
[rpbihp.numec.prp.usp.br/indexb7ac.html]
[rpbihp.numec.prp.usp.br/index9d5c.html]
[rpbihp.numec.prp.usp.br/index.php/_https_/upload.wikimedia.org/wikipedia/commons/thumb/3/37/An_interview_with_-_Olivier_Faugeras.webm/854px--An_interview_with_-_Olivier_Faugeras.webm.html]
[rpbihp.numec.prp.usp.br/index.php/_https_/upload.wikimedia.org/wikipedia/commons/transcoded/3/37/An_interview_with_-_Olivier_Faugeras.webm/An_interview_with_-_Olivier_Faugeras.webm.480p.vp9.html]
[rpbihp.numec.prp.usp.br/index.php/_https_/upload.wikimedia.org/wikipedia/commons/3/37/An_interview_with_-_Olivier_Faugeras.html]
[rpbihp.numec.prp.usp.br/index.php/_https_/upload.wikimedia.org/wikipedia/commons/transcoded/3/37/An_interview_with_-_Olivier_Faugeras.webm/An_interview_with_-_Olivier_Faugeras.webm.1080p.vp9.html]
[rpbihp.numec.prp.usp.br/index.php/_https_/upload.wikimedia.org/wikipedia/commons/transcoded/3/37/An_interview_with_-_Olivier_Faugeras.webm/An_interview_with_-_Olivier_Faugeras.webm.144p.mjpeg.html]
[rpbihp.numec.prp.usp.br/index.php/_https_/upload.wikimedia.org/wikipedia/commons/transcoded/3/37/An_interview_with_-_Olivier_Faugeras.webm/An_interview_with_-_Olivier_Faugeras.webm.240p.vp9.html]
[rpbihp.numec.prp.usp.br/index.php/_https_/upload.wikimedia.org/wikipedia/commons/transcoded/3/37/An_interview_with_-_Olivier_Faugeras.webm/An_interview_with_-_Olivier_Faugeras.webm.360p.html]
[rpbihp.numec.prp.usp.br/index492a.html]
[rpbihp.numec.prp.usp.br/index.php/File_talk_An_interview_with_-_Olivier_Faugeras.html]
[rpbihp.numec.prp.usp.br/indexe167.html]
[rpbihp.numec.prp.usp.br/index3a25.html]
[rpbihp.numec.prp.usp.br/index.php/TimedText_An_interview_with_-_Olivier_Faugeras.html]
[rpbihp.numec.prp.usp.br/index.php/Special_WhatLinksHere/File_An_interview_with_-_Olivier_Faugeras.html]
[rpbihp.numec.prp.usp.br/index3671.html]
[rpbihp.numec.prp.usp.br/index9465.html]
[rpbihp.numec.prp.usp.br/indexf145.html]
[rpbihp.numec.prp.usp.br/indexe750.html]
[rpbihp.numec.prp.usp.br/index.php/File_talk_Current_challenges_for_mesoscopic_neural_population_dynamics_and_metastability.html]
[rpbihp.numec.prp.usp.br/index.php/Special_WhatLinksHere/File_Current_challenges_for_mesoscopic_neural_population_dynamics_and_metastability.html]
[rpbihp.numec.prp.usp.br/index33e5.html]
[rpbihp.numec.prp.usp.br/index2d76.html]
[rpbihp.numec.prp.usp.br/index0368.html]
[rpbihp.numec.prp.usp.br/index.php/_https_/upload.wikimedia.org/wikipedia/commons/thumb/e/e6/Current_challenges_for_mesoscopic_neural_popula/854px--Current_challenges_for_mesoscopic_neural_population_dynamics_and_metastability.w]
[rpbihp.numec.prp.usp.br/index.php/_https_/upload.wikimedia.org/wikipedia/commons/transcoded/e/e6/Current_challenges_for_mesoscopic_neural_popula/Current_challenges_for_mesoscopic_neural_population_dynamics_and_metastability.web]
[rpbihp.numec.prp.usp.br/index.php/_https_/upload.wikimedia.org/wikipedia/commons/e/e6/Current_challenges_for_mesoscopic_neural_population_dynamics_and_metastability.html]
[rpbihp.numec.prp.usp.br/index.php/_https_/upload.wikimedia.org/wikipedia/commons/transcoded/e/e6/Current_challenges_for_mesoscopic_neural_popula/Current_challenges_for_mesoscopic_neural_population_dynamics_and_metastability-2.web]
[rpbihp.numec.prp.usp.br/index.php/_https_/upload.wikimedia.org/wikipedia/commons/transcoded/e/e6/Current_challenges_for_mesoscopic_neural_popula/Current_challenges_for_mesoscopic_neural_population_dynamics_and_metastability-3.web]
[rpbihp.numec.prp.usp.br/index.php/_https_/upload.wikimedia.org/wikipedia/commons/transcoded/e/e6/Current_challenges_for_mesoscopic_neural_popula/Current_challenges_for_mesoscopic_neural_population_dynamics_and_metastability-4.web]
[rpbihp.numec.prp.usp.br/index8305.html]
[rpbihp.numec.prp.usp.br/index.php/File_talk_Current_challenges_for_mesoscopic_neural_population_dynamics_and_metastability-2.html]
[rpbihp.numec.prp.usp.br/index3bc7.html]
[rpbihp.numec.prp.usp.br/index0438.html]
[rpbihp.numec.prp.usp.br/index.php/TimedText_Current_challenges_for_mesoscopic_neural_population_dynamics_and_metastability.html]
[rpbihp.numec.prp.usp.br/index.php/Special_WhatLinksHere/File_Current_challenges_for_mesoscopic_neural_population_dynamics_and_metastability-2.html]
[rpbihp.numec.prp.usp.br/index279d.html]
[rpbihp.numec.prp.usp.br/index1976.html]
[rpbihp.numec.prp.usp.br/index0770.html]
[rpbihp.numec.prp.usp.br/index8331.html]
[rpbihp.numec.prp.usp.br/index.php/File_talk_Replica-mean_field_limits_of_metastable_dynamics.html]
[rpbihp.numec.prp.usp.br/index.php/Special_WhatLinksHere/File_Replica-mean_field_limits_of_metastable_dynamics.html]
[rpbihp.numec.prp.usp.br/index6baa.html]
[rpbihp.numec.prp.usp.br/indexd0df.html]
[rpbihp.numec.prp.usp.br/index7b5b.html]
[rpbihp.numec.prp.usp.br/index.php/_https_/upload.wikimedia.org/wikipedia/commons/thumb/a/af/Replica-mean_field_limits_of_metastable_dynamics.webm/854px--Replica-mean_field_limits_of_metastable_dynamics.webm.html]
[rpbihp.numec.prp.usp.br/index.php/_https_/upload.wikimedia.org/wikipedia/commons/a/af/Replica-mean_field_limits_of_metastable_dynamics.html]
[rpbihp.numec.prp.usp.br/index.php/_https_/upload.wikimedia.org/wikipedia/commons/transcoded/a/af/Replica-mean_field_limits_of_metastable_dynamics.webm/Replica-mean_field_limits_of_metastable_dynamics.webm.480p.vp9.html]
[rpbihp.numec.prp.usp.br/index.php/_https_/upload.wikimedia.org/wikipedia/commons/transcoded/a/af/Replica-mean_field_limits_of_metastable_dynamics.webm/Replica-mean_field_limits_of_metastable_dynamics.webm.240p.vp9.html]
[rpbihp.numec.prp.usp.br/index.php/_https_/upload.wikimedia.org/wikipedia/commons/transcoded/a/af/Replica-mean_field_limits_of_metastable_dynamics.webm/Replica-mean_field_limits_of_metastable_dynamics.webm.360p.html]
[rpbihp.numec.prp.usp.br/index3c9f.html]
[rpbihp.numec.prp.usp.br/index.php/File_talk_Replica-mean_field_limits_of_metastable_dynamics-2.html]
[rpbihp.numec.prp.usp.br/index96f1.html]
[rpbihp.numec.prp.usp.br/indexa549.html]
[rpbihp.numec.prp.usp.br/index.php/TimedText_Replica-mean_field_limits_of_metastable_dynamics.html]
[rpbihp.numec.prp.usp.br/index.php/Special_WhatLinksHere/File_Replica-mean_field_limits_of_metastable_dynamics-2.html]
[rpbihp.numec.prp.usp.br/index6438.html]
[rpbihp.numec.prp.usp.br/index8a21.html]
[rpbihp.numec.prp.usp.br/indexd960.html]
[rpbihp.numec.prp.usp.br/index59a6.html]
[rpbihp.numec.prp.usp.br/index.php/File_talk_Single-neuron_model_in_cortical_context.html]
[rpbihp.numec.prp.usp.br/index.php/Special_WhatLinksHere/File_Single-neuron_model_in_cortical_context.html]
[rpbihp.numec.prp.usp.br/index0611.html]
[rpbihp.numec.prp.usp.br/indexac40.html]
[rpbihp.numec.prp.usp.br/index8416.html]
[rpbihp.numec.prp.usp.br/index.php/_https_/upload.wikimedia.org/wikipedia/commons/thumb/c/c1/Single-neuron_model_in_cortical_context.webm/854px--Single-neuron_model_in_cortical_context.webm.html]
[rpbihp.numec.prp.usp.br/index.php/_https_/upload.wikimedia.org/wikipedia/commons/transcoded/c/c1/Single-neuron_model_in_cortical_context.webm/Single-neuron_model_in_cortical_context.webm.480p.vp9.html]
[rpbihp.numec.prp.usp.br/index.php/_https_/upload.wikimedia.org/wikipedia/commons/c/c1/Single-neuron_model_in_cortical_context.html]
[rpbihp.numec.prp.usp.br/index.php/_https_/upload.wikimedia.org/wikipedia/commons/transcoded/c/c1/Single-neuron_model_in_cortical_context.webm/Single-neuron_model_in_cortical_context.webm.144p.mjpeg.html]
[rpbihp.numec.prp.usp.br/index.php/_https_/upload.wikimedia.org/wikipedia/commons/transcoded/c/c1/Single-neuron_model_in_cortical_context.webm/Single-neuron_model_in_cortical_context.webm.240p.vp9.html]
[rpbihp.numec.prp.usp.br/index.php/_https_/upload.wikimedia.org/wikipedia/commons/transcoded/c/c1/Single-neuron_model_in_cortical_context.webm/Single-neuron_model_in_cortical_context.webm.360p.html]
[rpbihp.numec.prp.usp.br/index1904.html]
[rpbihp.numec.prp.usp.br/index.php/File_talk_Single-neuron_model_in_cortical_context-2.html]
[rpbihp.numec.prp.usp.br/index1ee5.html]
[rpbihp.numec.prp.usp.br/index510a.html]
[rpbihp.numec.prp.usp.br/index.php/TimedText_Single-neuron_model_in_cortical_context.html]
[rpbihp.numec.prp.usp.br/index.php/Special_WhatLinksHere/File_Single-neuron_model_in_cortical_context-2.html]
[rpbihp.numec.prp.usp.br/index19ed.html]
[rpbihp.numec.prp.usp.br/index4c64.html]
[rpbihp.numec.prp.usp.br/index4bf5.html]
[rpbihp.numec.prp.usp.br/images/thumb/e/ec/SaoPaulo22.pdf/page2-800px-SaoPaulo22.pdf.jpg]
[rpbihp.numec.prp.usp.br/images/thumb/e/ec/SaoPaulo22.pdf/page2-320px-SaoPaulo22.pdf.jpg]
[rpbihp.numec.prp.usp.br/images/thumb/e/ec/SaoPaulo22.pdf/page1-180px-SaoPaulo22.pdf.jpg]
[rpbihp.numec.prp.usp.br/index.php/File_SaoPaulo222679.html]
[rpbihp.numec.prp.usp.br/indexd6d7.html]
[rpbihp.numec.prp.usp.br/indexd3a6.html]
[rpbihp.numec.prp.usp.br/images/thumb/e/ec/SaoPaulo22.pdf/page3-180px-SaoPaulo22.pdf.jpg]
[rpbihp.numec.prp.usp.br/index.php/File_SaoPaulo229ba9.html]
[rpbihp.numec.prp.usp.br/index40a4.html]
[rpbihp.numec.prp.usp.br/index849e.html]
[rpbihp.numec.prp.usp.br/indexaae6.html]
[rpbihp.numec.prp.usp.br/index.php/File_SaoPaulo224658.html]
[rpbihp.numec.prp.usp.br/indexc9ca.html]
[rpbihp.numec.prp.usp.br/index9ffd.html]
[rpbihp.numec.prp.usp.br/index.php/File_talk_SaoPaulo22.html]
[rpbihp.numec.prp.usp.br/index97e6.html]
[rpbihp.numec.prp.usp.br/index3b7c.html]
[rpbihp.numec.prp.usp.br/index.php/Special_WhatLinksHere/File_SaoPaulo22.html]
[rpbihp.numec.prp.usp.br/index.php/Special_RecentChangesLinked/File_SaoPaulo22.html]
[rpbihp.numec.prp.usp.br/index6a64.html]
[rpbihp.numec.prp.usp.br/indexf07d.html]
[rpbihp.numec.prp.usp.br/index8353.html]
[rpbihp.numec.prp.usp.br/index7948.html]
[rpbihp.numec.prp.usp.br/index.php/File_talk_Disorganization_of_mental_activity_in_psychosis.html]
[rpbihp.numec.prp.usp.br/index.php/Special_WhatLinksHere/File_Disorganization_of_mental_activity_in_psychosis.html]
[rpbihp.numec.prp.usp.br/index6cfa.html]
[rpbihp.numec.prp.usp.br/index4cc7.html]
[rpbihp.numec.prp.usp.br/indexb618.html]
[rpbihp.numec.prp.usp.br/index.php/_https_/upload.wikimedia.org/wikipedia/commons/thumb/6/6f/Disorganization_of_mental_activity_in_psychosis.webm/854px--Disorganization_of_mental_activity_in_psychosis.webm.html]
[rpbihp.numec.prp.usp.br/index.php/_https_/upload.wikimedia.org/wikipedia/commons/transcoded/6/6f/Disorganization_of_mental_activity_in_psychosis.webm/Disorganization_of_mental_activity_in_psychosis.webm.480p.vp9.html]
[rpbihp.numec.prp.usp.br/index.php/_https_/upload.wikimedia.org/wikipedia/commons/6/6f/Disorganization_of_mental_activity_in_psychosis.html]
[rpbihp.numec.prp.usp.br/index.php/_https_/upload.wikimedia.org/wikipedia/commons/transcoded/6/6f/Disorganization_of_mental_activity_in_psychosis.webm/Disorganization_of_mental_activity_in_psychosis.webm.144p.mjpeg.html]
[rpbihp.numec.prp.usp.br/index.php/_https_/upload.wikimedia.org/wikipedia/commons/transcoded/6/6f/Disorganization_of_mental_activity_in_psychosis.webm/Disorganization_of_mental_activity_in_psychosis.webm.240p.vp9.html]
[rpbihp.numec.prp.usp.br/index.php/_https_/upload.wikimedia.org/wikipedia/commons/transcoded/6/6f/Disorganization_of_mental_activity_in_psychosis.webm/Disorganization_of_mental_activity_in_psychosis.webm.360p.html]
[rpbihp.numec.prp.usp.br/indexb3b4.html]
[rpbihp.numec.prp.usp.br/index.php/File_talk_Disorganization_of_mental_activity_in_psychosis-2.html]
[rpbihp.numec.prp.usp.br/indexaa41.html]
[rpbihp.numec.prp.usp.br/index5d49.html]
[rpbihp.numec.prp.usp.br/index.php/TimedText_Disorganization_of_mental_activity_in_psychosis.html]
[rpbihp.numec.prp.usp.br/index.php/Special_WhatLinksHere/File_Disorganization_of_mental_activity_in_psychosis-2.html]
[rpbihp.numec.prp.usp.br/index7a65.html]
[rpbihp.numec.prp.usp.br/indexb433.html]
[rpbihp.numec.prp.usp.br/indexa4b1.html]
[rpbihp.numec.prp.usp.br/index0afb.html]
[rpbihp.numec.prp.usp.br/index.php/File_talk_Structure-preserving_Approximate_Bayesian_Computation_(ABC)_for_stochastic_neuronal_models.html]
[rpbihp.numec.prp.usp.br/index.php/Special_WhatLinksHere/File_Structure-preserving_Approximate_Bayesian_Computation_(ABC)_for_stochastic_neuronal_models.html]
[rpbihp.numec.prp.usp.br/indexae25.html]
[rpbihp.numec.prp.usp.br/index657b.html]
[rpbihp.numec.prp.usp.br/index56e6.html]
[rpbihp.numec.prp.usp.br/index.php/_https_/upload.wikimedia.org/wikipedia/commons/thumb/c/c7/Structure-preserving_Approximate_Bayesian_Compu/854px--Structure-preserving_Approximate_Bayesian_Computation_(ABC)_for_stochastic_neuro]
[rpbihp.numec.prp.usp.br/index.php/_https_/upload.wikimedia.org/wikipedia/commons/transcoded/c/c7/Structure-preserving_Approximate_Bayesian_Compu/Structure-preserving_Approximate_Bayesian_Computation_(ABC)_for_stochastic_neurona]
[rpbihp.numec.prp.usp.br/index.php/_https_/upload.wikimedia.org/wikipedia/commons/c/c7/Structure-preserving_Approximate_Bayesian_Computation_(ABC)_for_stochastic_neuronal_models.html]
[rpbihp.numec.prp.usp.br/index.php/_https_/upload.wikimedia.org/wikipedia/commons/transcoded/c/c7/Structure-preserving_Approximate_Bayesian_Compu/Structure-preserving_Approximate_Bayesian_Computation_(ABC)_for_stochastic_neurona-2]
[rpbihp.numec.prp.usp.br/index.php/_https_/upload.wikimedia.org/wikipedia/commons/transcoded/c/c7/Structure-preserving_Approximate_Bayesian_Compu/Structure-preserving_Approximate_Bayesian_Computation_(ABC)_for_stochastic_neurona-3]
[rpbihp.numec.prp.usp.br/index5af0.html]
[rpbihp.numec.prp.usp.br/index.php/File_talk_Structure-preserving_Approximate_Bayesian_Computation_(ABC)_for_stochastic_neuronal_models-2.html]
[rpbihp.numec.prp.usp.br/index70d2.html]
[rpbihp.numec.prp.usp.br/indexc71f.html]
[rpbihp.numec.prp.usp.br/index.php/TimedText_Structure-preserving_Approximate_Bayesian_Computation_(ABC)_for_stochastic_neuronal_models.html]
[rpbihp.numec.prp.usp.br/index.php/Special_WhatLinksHere/File_Structure-preserving_Approximate_Bayesian_Computation_(ABC)_for_stochastic_neuronal_models-2.html]
[rpbihp.numec.prp.usp.br/index0950.html]
[rpbihp.numec.prp.usp.br/indexbdd8.html]
[rpbihp.numec.prp.usp.br/indexa02e.html]
[rpbihp.numec.prp.usp.br/indexfae2.html]
[rpbihp.numec.prp.usp.br/index.php/File_talk_Simulation-based_inference_for_neural_network_structure.html]
[rpbihp.numec.prp.usp.br/index.php/Special_WhatLinksHere/File_Simulation-based_inference_for_neural_network_structure.html]
[rpbihp.numec.prp.usp.br/indexd0ea.html]
[rpbihp.numec.prp.usp.br/index182f.html]
[rpbihp.numec.prp.usp.br/index2845.html]
[rpbihp.numec.prp.usp.br/mw.TMHGalleryHook.html]
[rpbihp.numec.prp.usp.br/load291c.css]
[rpbihp.numec.prp.usp.br/indexd6e6.html]
[rpbihp.numec.prp.usp.br/images/thumb/f/f8/TheInsectOlfactorySystem.pdf/page2-424px-TheInsectOlfactorySystem.pdf.jpg]
[rpbihp.numec.prp.usp.br/images/thumb/f/f8/TheInsectOlfactorySystem.pdf/page2-170px-TheInsectOlfactorySystem.pdf.jpg]
[rpbihp.numec.prp.usp.br/images/thumb/f/f8/TheInsectOlfactorySystem.pdf/page1-180px-TheInsectOlfactorySystem.pdf.jpg]
[rpbihp.numec.prp.usp.br/index.php/File_TheInsectOlfactorySystem2679.html]
[rpbihp.numec.prp.usp.br/index47ff.html]
[rpbihp.numec.prp.usp.br/index46de.html]
[rpbihp.numec.prp.usp.br/images/thumb/f/f8/TheInsectOlfactorySystem.pdf/page3-180px-TheInsectOlfactorySystem.pdf.jpg]
[rpbihp.numec.prp.usp.br/index.php/File_TheInsectOlfactorySystem9ba9.html]
[rpbihp.numec.prp.usp.br/index53db.html]
[rpbihp.numec.prp.usp.br/index6b2d.html]
[rpbihp.numec.prp.usp.br/indexd226.html]
[rpbihp.numec.prp.usp.br/index.php/File_TheInsectOlfactorySystem4658.html]
[rpbihp.numec.prp.usp.br/index546b.html]
[rpbihp.numec.prp.usp.br/indexfcd8.html]
[rpbihp.numec.prp.usp.br/index.php/File_talk_TheInsectOlfactorySystem.html]
[rpbihp.numec.prp.usp.br/indexdb1f.html]
[rpbihp.numec.prp.usp.br/indexba47.html]
[rpbihp.numec.prp.usp.br/index.php/Special_WhatLinksHere/File_TheInsectOlfactorySystem.html]
[rpbihp.numec.prp.usp.br/index.php/Special_RecentChangesLinked/File_TheInsectOlfactorySystem.html]
[rpbihp.numec.prp.usp.br/index6e2f.html]
[rpbihp.numec.prp.usp.br/index6f4e.html]
[rpbihp.numec.prp.usp.br/index1c86.html]
[rpbihp.numec.prp.usp.br/index807d.html]
[rpbihp.numec.prp.usp.br/index353b.html]
[rpbihp.numec.prp.usp.br/load42a3.css]
[rpbihp.numec.prp.usp.br/indexef22.html]
[rpbihp.numec.prp.usp.br/index1c13.html]
[rpbihp.numec.prp.usp.br/indexc5e0.html]
[rpbihp.numec.prp.usp.br/index.php/Template_talk_Non-free_poster.html]
[rpbihp.numec.prp.usp.br/index8b12.html]
[rpbihp.numec.prp.usp.br/indexd794.html]
[rpbihp.numec.prp.usp.br/index.php/Special_WhatLinksHere/Template_Non-free_poster.html]
[rpbihp.numec.prp.usp.br/index.php/Special_RecentChangesLinked/Template_Non-free_poster.html]
[rpbihp.numec.prp.usp.br/index7503.html]
[rpbihp.numec.prp.usp.br/index1ea9.html]
[rpbihp.numec.prp.usp.br/index6a03.html]
[rpbihp.numec.prp.usp.br/load3adf.css]
[rpbihp.numec.prp.usp.br/loadac1e.css]
[rpbihp.numec.prp.usp.br/index5356.html]
[rpbihp.numec.prp.usp.br/index45c1.html]
[rpbihp.numec.prp.usp.br/indexe4a3.html]
[rpbihp.numec.prp.usp.br/index.php/File_RPB-IHP-Jan_-23_2679.html]
[rpbihp.numec.prp.usp.br/index588c.html]
[rpbihp.numec.prp.usp.br/images/thumb/b/bd/RPB-IHP-Jan_-23_.pdf/page3-424px-RPB-IHP-Jan_-23_.pdf.jpg]
[rpbihp.numec.prp.usp.br/images/thumb/b/bd/RPB-IHP-Jan_-23_.pdf/page3-170px-RPB-IHP-Jan_-23_.pdf.jpg]
[rpbihp.numec.prp.usp.br/index6ba1.html]
[rpbihp.numec.prp.usp.br/images/thumb/b/bd/RPB-IHP-Jan_-23_.pdf/page4-180px-RPB-IHP-Jan_-23_.pdf.jpg]
[rpbihp.numec.prp.usp.br/index.php/File_RPB-IHP-Jan_-23_fdb0.html]
[rpbihp.numec.prp.usp.br/index9b31.html]
[rpbihp.numec.prp.usp.br/index89e5.html]
[rpbihp.numec.prp.usp.br/index2fb4.html]
[rpbihp.numec.prp.usp.br/index.php/File_RPB-IHP-Jan_-23_9ba9.html]
[rpbihp.numec.prp.usp.br/indexcaf9.html]
[rpbihp.numec.prp.usp.br/index5cf6.html]
[rpbihp.numec.prp.usp.br/index277b.html]
[rpbihp.numec.prp.usp.br/load1bee.css]
[rpbihp.numec.prp.usp.br/images/thumb/6/6b/Program-07_11_22.pdf/page2-424px-Program-07_11_22.pdf.jpg]
[rpbihp.numec.prp.usp.br/images/thumb/6/6b/Program-07_11_22.pdf/page2-170px-Program-07_11_22.pdf.jpg]
[rpbihp.numec.prp.usp.br/images/thumb/6/6b/Program-07_11_22.pdf/page1-180px-Program-07_11_22.pdf.jpg]
[rpbihp.numec.prp.usp.br/index.php/File_Program-07_11_222679.html]
[rpbihp.numec.prp.usp.br/indexd2d6.html]
[rpbihp.numec.prp.usp.br/indexfef3.html]
[rpbihp.numec.prp.usp.br/images/thumb/6/6b/Program-07_11_22.pdf/page3-180px-Program-07_11_22.pdf.jpg]
[rpbihp.numec.prp.usp.br/index.php/File_Program-07_11_229ba9.html]
[rpbihp.numec.prp.usp.br/index0563.html]
[rpbihp.numec.prp.usp.br/index2294.html]
[rpbihp.numec.prp.usp.br/index066c.html]
[rpbihp.numec.prp.usp.br/index.php/File_Program-07_11_224658.html]
[rpbihp.numec.prp.usp.br/index.php/Special_FileDuplicateSearch/Program-07_11_22.html]
[rpbihp.numec.prp.usp.br/indexd299.html]
[rpbihp.numec.prp.usp.br/index5136.html]
[rpbihp.numec.prp.usp.br/index.php/File_talk_Program-07_11_22.html]
[rpbihp.numec.prp.usp.br/index0ae9.html]
[rpbihp.numec.prp.usp.br/indexb401.html]
[rpbihp.numec.prp.usp.br/index.php/Special_WhatLinksHere/File_Program-07_11_22.html]
[rpbihp.numec.prp.usp.br/index.php/Special_RecentChangesLinked/File_Program-07_11_22.html]
[rpbihp.numec.prp.usp.br/indexc829.html]
[rpbihp.numec.prp.usp.br/index2df3.html]
[rpbihp.numec.prp.usp.br/index620f.html]
[rpbihp.numec.prp.usp.br/indexcb11.html]
[rpbihp.numec.prp.usp.br/index3f08.html]
[rpbihp.numec.prp.usp.br/indexb7cd.html]
[rpbihp.numec.prp.usp.br/index.php/File_RPB_IHP22679.html]
[rpbihp.numec.prp.usp.br/index0317.html]
[rpbihp.numec.prp.usp.br/images/thumb/3/30/RPB_IHP2.pdf/page3-755px-RPB_IHP2.pdf.jpg]
[rpbihp.numec.prp.usp.br/indexb3f7.html]
[rpbihp.numec.prp.usp.br/images/thumb/3/30/RPB_IHP2.pdf/page4-180px-RPB_IHP2.pdf.jpg]
[rpbihp.numec.prp.usp.br/index.php/File_RPB_IHP2fdb0.html]
[rpbihp.numec.prp.usp.br/indexf261.html]
[rpbihp.numec.prp.usp.br/index6649.html]
[rpbihp.numec.prp.usp.br/index1cb4.html]
[rpbihp.numec.prp.usp.br/index.php/File_RPB_IHP29ba9.html]
[rpbihp.numec.prp.usp.br/indexa25e.html]
[rpbihp.numec.prp.usp.br/index291b.html]
[rpbihp.numec.prp.usp.br/index75e1.html]
[rpbihp.numec.prp.usp.br/indexac62.html]
[rpbihp.numec.prp.usp.br/index0865.html]
[rpbihp.numec.prp.usp.br/index9df3.html]
[rpbihp.numec.prp.usp.br/index.php/TimedText_talk_Building_a_stochastic_neural_circuit_of_cortical-pulvinar_interaction.html]
[rpbihp.numec.prp.usp.br/index.php/Special_WhatLinksHere/TimedText_Building_a_stochastic_neural_circuit_of_cortical-pulvinar_interaction.html]
[rpbihp.numec.prp.usp.br/index1634.html]
[rpbihp.numec.prp.usp.br/loadc8ab.css]
[rpbihp.numec.prp.usp.br/_https_/upload.wikimedia.org/wikipedia/commons/thumb/4/4d/Building_a_stochastic_neural_circuit_of_cortica/854px--Building_a_stochastic_neural_circuit_of_cortical-pulvinar_interaction.webm.html]
[rpbihp.numec.prp.usp.br/_https_/upload.wikimedia.org/wikipedia/commons/transcoded/4/4d/Building_a_stochastic_neural_circuit_of_cortica/Building_a_stochastic_neural_circuit_of_cortical-pulvinar_interaction.webm.480p.vp9.23f.dela]
[rpbihp.numec.prp.usp.br/_https_/upload.wikimedia.org/wikipedia/commons/4/4d/Building_a_stochastic_neural_circuit_of_cortical-pulvinar_interaction.html]
[rpbihp.numec.prp.usp.br/_https_/upload.wikimedia.org/wikipedia/commons/transcoded/4/4d/Building_a_stochastic_neural_circuit_of_cortica/Building_a_stochastic_neural_circuit_of_cortical-pulvinar_interaction.webm.144p.mjpeg.241.de]
[rpbihp.numec.prp.usp.br/_https_/upload.wikimedia.org/wikipedia/commons/transcoded/4/4d/Building_a_stochastic_neural_circuit_of_cortica/Building_a_stochastic_neural_circuit_of_cortical-pulvinar_interaction.webm.240p.vp9.242.dela]
[rpbihp.numec.prp.usp.br/_https_/upload.wikimedia.org/wikipedia/commons/transcoded/4/4d/Building_a_stochastic_neural_circuit_of_cortica/Building_a_stochastic_neural_circuit_of_cortical-pulvinar_interaction.webm.360p.html]
[rpbihp.numec.prp.usp.br/index5f9b.html]
[rpbihp.numec.prp.usp.br/indexadf3.html]
[rpbihp.numec.prp.usp.br/index.php/TimedText_talk_An_interview_with_-_Priscilla_Greenwood.html]
[rpbihp.numec.prp.usp.br/index.php/Special_WhatLinksHere/TimedText_An_interview_with_-_Priscilla_Greenwood.html]
[rpbihp.numec.prp.usp.br/indexc7b2.html]
[rpbihp.numec.prp.usp.br/_https_/upload.wikimedia.org/wikipedia/commons/thumb/c/ca/An_interview_with_-_Priscilla_Greenwood.webm/854px--An_interview_with_-_Priscilla_Greenwood.webm.html]
[rpbihp.numec.prp.usp.br/_https_/upload.wikimedia.org/wikipedia/commons/transcoded/c/ca/An_interview_with_-_Priscilla_Greenwood.webm/An_interview_with_-_Priscilla_Greenwood.webm.480p.vp9.html]
[rpbihp.numec.prp.usp.br/_https_/upload.wikimedia.org/wikipedia/commons/c/ca/An_interview_with_-_Priscilla_Greenwood.html]
[rpbihp.numec.prp.usp.br/_https_/upload.wikimedia.org/wikipedia/commons/transcoded/c/ca/An_interview_with_-_Priscilla_Greenwood.webm/An_interview_with_-_Priscilla_Greenwood.webm.144p.mjpeg.html]
[rpbihp.numec.prp.usp.br/_https_/upload.wikimedia.org/wikipedia/commons/transcoded/c/ca/An_interview_with_-_Priscilla_Greenwood.webm/An_interview_with_-_Priscilla_Greenwood.webm.240p.vp9.html]
[rpbihp.numec.prp.usp.br/_https_/upload.wikimedia.org/wikipedia/commons/transcoded/c/ca/An_interview_with_-_Priscilla_Greenwood.webm/An_interview_with_-_Priscilla_Greenwood.webm.360p.html]
[rpbihp.numec.prp.usp.br/indexa74c.html]
[rpbihp.numec.prp.usp.br/indexc27d.html]
[rpbihp.numec.prp.usp.br/index99ff.html]
[rpbihp.numec.prp.usp.br/index.php/TimedText_talk_Exploring_the_space_of_neural_systems_dynamics.html]
[rpbihp.numec.prp.usp.br/index.php/Special_WhatLinksHere/TimedText_Exploring_the_space_of_neural_systems_dynamics.html]
[rpbihp.numec.prp.usp.br/indexaab1.html]
[rpbihp.numec.prp.usp.br/_https_/upload.wikimedia.org/wikipedia/commons/thumb/8/82/Exploring_the_space_of_neural_systems_dynamics.webm/854px--Exploring_the_space_of_neural_systems_dynamics.webm.html]
[rpbihp.numec.prp.usp.br/_https_/upload.wikimedia.org/wikipedia/commons/transcoded/8/82/Exploring_the_space_of_neural_systems_dynamics.webm/Exploring_the_space_of_neural_systems_dynamics.webm.480p.vp9.html]
[rpbihp.numec.prp.usp.br/_https_/upload.wikimedia.org/wikipedia/commons/8/82/Exploring_the_space_of_neural_systems_dynamics.html]
[rpbihp.numec.prp.usp.br/_https_/upload.wikimedia.org/wikipedia/commons/transcoded/8/82/Exploring_the_space_of_neural_systems_dynamics.webm/Exploring_the_space_of_neural_systems_dynamics.webm.144p.mjpeg.html]
[rpbihp.numec.prp.usp.br/_https_/upload.wikimedia.org/wikipedia/commons/transcoded/8/82/Exploring_the_space_of_neural_systems_dynamics.webm/Exploring_the_space_of_neural_systems_dynamics.webm.240p.vp9.html]
[rpbihp.numec.prp.usp.br/_https_/upload.wikimedia.org/wikipedia/commons/transcoded/8/82/Exploring_the_space_of_neural_systems_dynamics.webm/Exploring_the_space_of_neural_systems_dynamics.webm.360p.html]
[rpbihp.numec.prp.usp.br/indexa256.html]
[rpbihp.numec.prp.usp.br/index9cb7.html]
[rpbihp.numec.prp.usp.br/index.php/TimedText_talk_An_interview_with_-_Gilles_Laurent.html]
[rpbihp.numec.prp.usp.br/index.php/Special_WhatLinksHere/TimedText_An_interview_with_-_Gilles_Laurent.html]
[rpbihp.numec.prp.usp.br/index45e5.html]
[rpbihp.numec.prp.usp.br/_https_/upload.wikimedia.org/wikipedia/commons/thumb/4/45/An_interview_with_-_Gilles_Laurent.webm/854px--An_interview_with_-_Gilles_Laurent.webm.html]
[rpbihp.numec.prp.usp.br/_https_/upload.wikimedia.org/wikipedia/commons/transcoded/4/45/An_interview_with_-_Gilles_Laurent.webm/An_interview_with_-_Gilles_Laurent.webm.480p.vp9.html]
[rpbihp.numec.prp.usp.br/_https_/upload.wikimedia.org/wikipedia/commons/4/45/An_interview_with_-_Gilles_Laurent.html]
[rpbihp.numec.prp.usp.br/_https_/upload.wikimedia.org/wikipedia/commons/transcoded/4/45/An_interview_with_-_Gilles_Laurent.webm/An_interview_with_-_Gilles_Laurent.webm.1080p.vp9.html]
[rpbihp.numec.prp.usp.br/_https_/upload.wikimedia.org/wikipedia/commons/transcoded/4/45/An_interview_with_-_Gilles_Laurent.webm/An_interview_with_-_Gilles_Laurent.webm.144p.mjpeg.html]
[rpbihp.numec.prp.usp.br/_https_/upload.wikimedia.org/wikipedia/commons/transcoded/4/45/An_interview_with_-_Gilles_Laurent.webm/An_interview_with_-_Gilles_Laurent.webm.240p.vp9.html]
[rpbihp.numec.prp.usp.br/_https_/upload.wikimedia.org/wikipedia/commons/transcoded/4/45/An_interview_with_-_Gilles_Laurent.webm/An_interview_with_-_Gilles_Laurent.webm.360p.html]
[rpbihp.numec.prp.usp.br/indexb921.html]
[rpbihp.numec.prp.usp.br/index5654.html]
[rpbihp.numec.prp.usp.br/index4450.html]
[rpbihp.numec.prp.usp.br/index.php/TimedText_talk_Structural_and_Temporal_Information.html]
[rpbihp.numec.prp.usp.br/index.php/Special_WhatLinksHere/TimedText_Structural_and_Temporal_Information.html]
[rpbihp.numec.prp.usp.br/indexea5c.html]
[rpbihp.numec.prp.usp.br/_https_/upload.wikimedia.org/wikipedia/commons/thumb/2/2e/Structural_and_Temporal_Information.webm/854px--Structural_and_Temporal_Information.webm.html]
[rpbihp.numec.prp.usp.br/_https_/upload.wikimedia.org/wikipedia/commons/transcoded/2/2e/Structural_and_Temporal_Information.webm/Structural_and_Temporal_Information.webm.480p.vp9.html]
[rpbihp.numec.prp.usp.br/_https_/upload.wikimedia.org/wikipedia/commons/2/2e/Structural_and_Temporal_Information.html]
[rpbihp.numec.prp.usp.br/_https_/upload.wikimedia.org/wikipedia/commons/transcoded/2/2e/Structural_and_Temporal_Information.webm/Structural_and_Temporal_Information.webm.240p.vp9.html]
[rpbihp.numec.prp.usp.br/_https_/upload.wikimedia.org/wikipedia/commons/transcoded/2/2e/Structural_and_Temporal_Information.webm/Structural_and_Temporal_Information.webm.360p.html]
[rpbihp.numec.prp.usp.br/index53f3.html]
[rpbihp.numec.prp.usp.br/index6ef0.html]
[rpbihp.numec.prp.usp.br/index.php/TimedText_talk_An_interview_with_-_Wojciech_Szpankowski.html]
[rpbihp.numec.prp.usp.br/index.php/Special_WhatLinksHere/TimedText_An_interview_with_-_Wojciech_Szpankowski.html]
[rpbihp.numec.prp.usp.br/index996c.html]
[rpbihp.numec.prp.usp.br/_https_/upload.wikimedia.org/wikipedia/commons/thumb/e/e4/An_interview_with_-_Wojciech_Szpankowski.webm/854px--An_interview_with_-_Wojciech_Szpankowski.webm.html]
[rpbihp.numec.prp.usp.br/_https_/upload.wikimedia.org/wikipedia/commons/transcoded/e/e4/An_interview_with_-_Wojciech_Szpankowski.webm/An_interview_with_-_Wojciech_Szpankowski.webm.480p.vp9.html]
[rpbihp.numec.prp.usp.br/_https_/upload.wikimedia.org/wikipedia/commons/e/e4/An_interview_with_-_Wojciech_Szpankowski.html]
[rpbihp.numec.prp.usp.br/_https_/upload.wikimedia.org/wikipedia/commons/transcoded/e/e4/An_interview_with_-_Wojciech_Szpankowski.webm/An_interview_with_-_Wojciech_Szpankowski.webm.144p.mjpeg.html]
[rpbihp.numec.prp.usp.br/_https_/upload.wikimedia.org/wikipedia/commons/transcoded/e/e4/An_interview_with_-_Wojciech_Szpankowski.webm/An_interview_with_-_Wojciech_Szpankowski.webm.240p.vp9.html]
[rpbihp.numec.prp.usp.br/_https_/upload.wikimedia.org/wikipedia/commons/transcoded/e/e4/An_interview_with_-_Wojciech_Szpankowski.webm/An_interview_with_-_Wojciech_Szpankowski.webm.360p.html]
[rpbihp.numec.prp.usp.br/index1d9e.html]
[rpbihp.numec.prp.usp.br/index4d64.html]
[rpbihp.numec.prp.usp.br/index0daf.html]
[rpbihp.numec.prp.usp.br/index.php/Página_principal-2.html]
[rpbihp.numec.prp.usp.br/index.php/Talk_Página_principal.html]
[rpbihp.numec.prp.usp.br/indexfe3f.html]
[rpbihp.numec.prp.usp.br/indexac25.html]
[rpbihp.numec.prp.usp.br/index.php/Special_WhatLinksHere/Página_principal.html]
[rpbihp.numec.prp.usp.br/index.php/Special_RecentChangesLinked/Página_principal.html]
[rpbihp.numec.prp.usp.br/index1a96.html]
[rpbihp.numec.prp.usp.br/index9a40.html]
[rpbihp.numec.prp.usp.br/indexd01c.html]
[rpbihp.numec.prp.usp.br/index3b8a.html]
[rpbihp.numec.prp.usp.br/index3cf6.html]
[rpbihp.numec.prp.usp.br/indexd6ab.html]
[rpbihp.numec.prp.usp.br/index7ef4.html]
[rpbihp.numec.prp.usp.br/index.php/TimedText_talk_Mathematical_Neuroscience.html]
[rpbihp.numec.prp.usp.br/index.php/Special_WhatLinksHere/TimedText_Mathematical_Neuroscience.html]
[rpbihp.numec.prp.usp.br/index50a7.html]
[rpbihp.numec.prp.usp.br/_https_/upload.wikimedia.org/wikipedia/commons/thumb/6/66/Mathematical_Neuroscience.webm/854px--Mathematical_Neuroscience.webm.html]
[rpbihp.numec.prp.usp.br/_https_/upload.wikimedia.org/wikipedia/commons/transcoded/6/66/Mathematical_Neuroscience.webm/Mathematical_Neuroscience.webm.480p.vp9.html]
[rpbihp.numec.prp.usp.br/_https_/upload.wikimedia.org/wikipedia/commons/6/66/Mathematical_Neuroscience.html]
[rpbihp.numec.prp.usp.br/_https_/upload.wikimedia.org/wikipedia/commons/transcoded/6/66/Mathematical_Neuroscience.webm/Mathematical_Neuroscience.webm.240p.vp9.html]
[rpbihp.numec.prp.usp.br/_https_/upload.wikimedia.org/wikipedia/commons/transcoded/6/66/Mathematical_Neuroscience.webm/Mathematical_Neuroscience.webm.360p.html]
[rpbihp.numec.prp.usp.br/indexae40.html]
[rpbihp.numec.prp.usp.br/indexe167.html]
[rpbihp.numec.prp.usp.br/index.php/TimedText_talk_An_interview_with_-_Olivier_Faugeras.html]
[rpbihp.numec.prp.usp.br/index.php/Special_WhatLinksHere/TimedText_An_interview_with_-_Olivier_Faugeras.html]
[rpbihp.numec.prp.usp.br/index3a25.html]
[rpbihp.numec.prp.usp.br/_https_/upload.wikimedia.org/wikipedia/commons/thumb/3/37/An_interview_with_-_Olivier_Faugeras.webm/854px--An_interview_with_-_Olivier_Faugeras.webm.html]
[rpbihp.numec.prp.usp.br/_https_/upload.wikimedia.org/wikipedia/commons/transcoded/3/37/An_interview_with_-_Olivier_Faugeras.webm/An_interview_with_-_Olivier_Faugeras.webm.480p.vp9.html]
[rpbihp.numec.prp.usp.br/_https_/upload.wikimedia.org/wikipedia/commons/3/37/An_interview_with_-_Olivier_Faugeras.html]
[rpbihp.numec.prp.usp.br/_https_/upload.wikimedia.org/wikipedia/commons/transcoded/3/37/An_interview_with_-_Olivier_Faugeras.webm/An_interview_with_-_Olivier_Faugeras.webm.1080p.vp9.html]
[rpbihp.numec.prp.usp.br/_https_/upload.wikimedia.org/wikipedia/commons/transcoded/3/37/An_interview_with_-_Olivier_Faugeras.webm/An_interview_with_-_Olivier_Faugeras.webm.144p.mjpeg.html]
[rpbihp.numec.prp.usp.br/_https_/upload.wikimedia.org/wikipedia/commons/transcoded/3/37/An_interview_with_-_Olivier_Faugeras.webm/An_interview_with_-_Olivier_Faugeras.webm.240p.vp9.html]
[rpbihp.numec.prp.usp.br/_https_/upload.wikimedia.org/wikipedia/commons/transcoded/3/37/An_interview_with_-_Olivier_Faugeras.webm/An_interview_with_-_Olivier_Faugeras.webm.360p.html]
[rpbihp.numec.prp.usp.br/index3671.html]
[rpbihp.numec.prp.usp.br/index33e5.html]
[rpbihp.numec.prp.usp.br/index3bc7.html]
[rpbihp.numec.prp.usp.br/index.php/TimedText_talk_Current_challenges_for_mesoscopic_neural_population_dynamics_and_metastability.html]
[rpbihp.numec.prp.usp.br/index.php/Special_WhatLinksHere/TimedText_Current_challenges_for_mesoscopic_neural_population_dynamics_and_metastability.html]
[rpbihp.numec.prp.usp.br/index0438.html]
[rpbihp.numec.prp.usp.br/_https_/upload.wikimedia.org/wikipedia/commons/thumb/e/e6/Current_challenges_for_mesoscopic_neural_popula/854px--Current_challenges_for_mesoscopic_neural_population_dynamics_and_metastability.webm.2b7.de]
[rpbihp.numec.prp.usp.br/_https_/upload.wikimedia.org/wikipedia/commons/transcoded/e/e6/Current_challenges_for_mesoscopic_neural_popula/Current_challenges_for_mesoscopic_neural_population_dynamics_and_metastability.webm.480p.vp9]
[rpbihp.numec.prp.usp.br/_https_/upload.wikimedia.org/wikipedia/commons/e/e6/Current_challenges_for_mesoscopic_neural_population_dynamics_and_metastability.html]
[rpbihp.numec.prp.usp.br/_https_/upload.wikimedia.org/wikipedia/commons/transcoded/e/e6/Current_challenges_for_mesoscopic_neural_popula/Current_challenges_for_mesoscopic_neural_population_dynamics_and_metastability.webm.144p.mjp]
[rpbihp.numec.prp.usp.br/_https_/upload.wikimedia.org/wikipedia/commons/transcoded/e/e6/Current_challenges_for_mesoscopic_neural_popula/Current_challenges_for_mesoscopic_neural_population_dynamics_and_metastability.webm.240p.vp9]
[rpbihp.numec.prp.usp.br/_https_/upload.wikimedia.org/wikipedia/commons/transcoded/e/e6/Current_challenges_for_mesoscopic_neural_popula/Current_challenges_for_mesoscopic_neural_population_dynamics_and_metastability.webm.360p.2bc]
[rpbihp.numec.prp.usp.br/index279d.html]
[rpbihp.numec.prp.usp.br/index6baa.html]
[rpbihp.numec.prp.usp.br/index96f1.html]
[rpbihp.numec.prp.usp.br/index.php/TimedText_talk_Replica-mean_field_limits_of_metastable_dynamics.html]
[rpbihp.numec.prp.usp.br/index.php/Special_WhatLinksHere/TimedText_Replica-mean_field_limits_of_metastable_dynamics.html]
[rpbihp.numec.prp.usp.br/indexa549.html]
[rpbihp.numec.prp.usp.br/_https_/upload.wikimedia.org/wikipedia/commons/thumb/a/af/Replica-mean_field_limits_of_metastable_dynamics.webm/854px--Replica-mean_field_limits_of_metastable_dynamics.webm.html]
[rpbihp.numec.prp.usp.br/_https_/upload.wikimedia.org/wikipedia/commons/a/af/Replica-mean_field_limits_of_metastable_dynamics.html]
[rpbihp.numec.prp.usp.br/_https_/upload.wikimedia.org/wikipedia/commons/transcoded/a/af/Replica-mean_field_limits_of_metastable_dynamics.webm/Replica-mean_field_limits_of_metastable_dynamics.webm.480p.vp9.html]
[rpbihp.numec.prp.usp.br/_https_/upload.wikimedia.org/wikipedia/commons/transcoded/a/af/Replica-mean_field_limits_of_metastable_dynamics.webm/Replica-mean_field_limits_of_metastable_dynamics.webm.240p.vp9.html]
[rpbihp.numec.prp.usp.br/_https_/upload.wikimedia.org/wikipedia/commons/transcoded/a/af/Replica-mean_field_limits_of_metastable_dynamics.webm/Replica-mean_field_limits_of_metastable_dynamics.webm.360p.html]
[rpbihp.numec.prp.usp.br/index6438.html]
[rpbihp.numec.prp.usp.br/index0611.html]
[rpbihp.numec.prp.usp.br/index1ee5.html]
[rpbihp.numec.prp.usp.br/index.php/TimedText_talk_Single-neuron_model_in_cortical_context.html]
[rpbihp.numec.prp.usp.br/index.php/Special_WhatLinksHere/TimedText_Single-neuron_model_in_cortical_context.html]
[rpbihp.numec.prp.usp.br/index510a.html]
[rpbihp.numec.prp.usp.br/_https_/upload.wikimedia.org/wikipedia/commons/thumb/c/c1/Single-neuron_model_in_cortical_context.webm/854px--Single-neuron_model_in_cortical_context.webm.html]
[rpbihp.numec.prp.usp.br/_https_/upload.wikimedia.org/wikipedia/commons/transcoded/c/c1/Single-neuron_model_in_cortical_context.webm/Single-neuron_model_in_cortical_context.webm.480p.vp9.html]
[rpbihp.numec.prp.usp.br/_https_/upload.wikimedia.org/wikipedia/commons/c/c1/Single-neuron_model_in_cortical_context.html]
[rpbihp.numec.prp.usp.br/_https_/upload.wikimedia.org/wikipedia/commons/transcoded/c/c1/Single-neuron_model_in_cortical_context.webm/Single-neuron_model_in_cortical_context.webm.144p.mjpeg.html]
[rpbihp.numec.prp.usp.br/_https_/upload.wikimedia.org/wikipedia/commons/transcoded/c/c1/Single-neuron_model_in_cortical_context.webm/Single-neuron_model_in_cortical_context.webm.240p.vp9.html]
[rpbihp.numec.prp.usp.br/_https_/upload.wikimedia.org/wikipedia/commons/transcoded/c/c1/Single-neuron_model_in_cortical_context.webm/Single-neuron_model_in_cortical_context.webm.360p.html]
[rpbihp.numec.prp.usp.br/index19ed.html]
[rpbihp.numec.prp.usp.br/index76d7.html]
[rpbihp.numec.prp.usp.br/index73dd.html]
[rpbihp.numec.prp.usp.br/index.php/File_SaoPaulo222679.html]
[rpbihp.numec.prp.usp.br/indexd6d7.html]
[rpbihp.numec.prp.usp.br/images/thumb/e/ec/SaoPaulo22.pdf/page3-800px-SaoPaulo22.pdf.jpg]
[rpbihp.numec.prp.usp.br/images/thumb/e/ec/SaoPaulo22.pdf/page3-320px-SaoPaulo22.pdf.jpg]
[rpbihp.numec.prp.usp.br/indexbda1.html]
[rpbihp.numec.prp.usp.br/images/thumb/e/ec/SaoPaulo22.pdf/page4-180px-SaoPaulo22.pdf.jpg]
[rpbihp.numec.prp.usp.br/index.php/File_SaoPaulo22fdb0.html]
[rpbihp.numec.prp.usp.br/index8b56.html]
[rpbihp.numec.prp.usp.br/index79b1.html]
[rpbihp.numec.prp.usp.br/indexd3a6.html]
[rpbihp.numec.prp.usp.br/index.php/File_SaoPaulo229ba9.html]
[rpbihp.numec.prp.usp.br/index40a4.html]
[rpbihp.numec.prp.usp.br/index1186.html]
[rpbihp.numec.prp.usp.br/index849e.html]
[rpbihp.numec.prp.usp.br/index6a64.html]
[rpbihp.numec.prp.usp.br/index6cfa.html]
[rpbihp.numec.prp.usp.br/indexaa41.html]
[rpbihp.numec.prp.usp.br/index.php/TimedText_talk_Disorganization_of_mental_activity_in_psychosis.html]
[rpbihp.numec.prp.usp.br/index.php/Special_WhatLinksHere/TimedText_Disorganization_of_mental_activity_in_psychosis.html]
[rpbihp.numec.prp.usp.br/index5d49.html]
[rpbihp.numec.prp.usp.br/_https_/upload.wikimedia.org/wikipedia/commons/thumb/6/6f/Disorganization_of_mental_activity_in_psychosis.webm/854px--Disorganization_of_mental_activity_in_psychosis.webm.html]
[rpbihp.numec.prp.usp.br/_https_/upload.wikimedia.org/wikipedia/commons/transcoded/6/6f/Disorganization_of_mental_activity_in_psychosis.webm/Disorganization_of_mental_activity_in_psychosis.webm.480p.vp9.html]
[rpbihp.numec.prp.usp.br/_https_/upload.wikimedia.org/wikipedia/commons/6/6f/Disorganization_of_mental_activity_in_psychosis.html]
[rpbihp.numec.prp.usp.br/_https_/upload.wikimedia.org/wikipedia/commons/transcoded/6/6f/Disorganization_of_mental_activity_in_psychosis.webm/Disorganization_of_mental_activity_in_psychosis.webm.144p.mjpeg.html]
[rpbihp.numec.prp.usp.br/_https_/upload.wikimedia.org/wikipedia/commons/transcoded/6/6f/Disorganization_of_mental_activity_in_psychosis.webm/Disorganization_of_mental_activity_in_psychosis.webm.240p.vp9.html]
[rpbihp.numec.prp.usp.br/_https_/upload.wikimedia.org/wikipedia/commons/transcoded/6/6f/Disorganization_of_mental_activity_in_psychosis.webm/Disorganization_of_mental_activity_in_psychosis.webm.360p.html]
[rpbihp.numec.prp.usp.br/index7a65.html]
[rpbihp.numec.prp.usp.br/indexae25.html]
[rpbihp.numec.prp.usp.br/index70d2.html]
[rpbihp.numec.prp.usp.br/index.php/TimedText_talk_Structure-preserving_Approximate_Bayesian_Computation_(ABC)_for_stochastic_neuronal_models.html]
[rpbihp.numec.prp.usp.br/index.php/Special_WhatLinksHere/TimedText_Structure-preserving_Approximate_Bayesian_Computation_(ABC)_for_stochastic_neuronal_models.html]
[rpbihp.numec.prp.usp.br/indexc71f.html]
[rpbihp.numec.prp.usp.br/_https_/upload.wikimedia.org/wikipedia/commons/thumb/c/c7/Structure-preserving_Approximate_Bayesian_Compu/854px--Structure-preserving_Approximate_Bayesian_Computation_(ABC)_for_stochastic_neuronal_models]
[rpbihp.numec.prp.usp.br/_https_/upload.wikimedia.org/wikipedia/commons/transcoded/c/c7/Structure-preserving_Approximate_Bayesian_Compu/Structure-preserving_Approximate_Bayesian_Computation_(ABC)_for_stochastic_neuronal_models.w]
[rpbihp.numec.prp.usp.br/_https_/upload.wikimedia.org/wikipedia/commons/c/c7/Structure-preserving_Approximate_Bayesian_Computation_(ABC)_for_stochastic_neuronal_models.html]
[rpbihp.numec.prp.usp.br/_https_/upload.wikimedia.org/wikipedia/commons/transcoded/c/c7/Structure-preserving_Approximate_Bayesian_Compu/Structure-preserving_Approximate_Bayesian_Computation_(ABC)_for_stochastic_neuronal_models-2.w]
[rpbihp.numec.prp.usp.br/_https_/upload.wikimedia.org/wikipedia/commons/transcoded/c/c7/Structure-preserving_Approximate_Bayesian_Compu/Structure-preserving_Approximate_Bayesian_Computation_(ABC)_for_stochastic_neuronal_models-3.w]
[rpbihp.numec.prp.usp.br/index0950.html]
[rpbihp.numec.prp.usp.br/indexd0ea.html]
[rpbihp.numec.prp.usp.br/index4b4d.html]
[rpbihp.numec.prp.usp.br/index0bb3.html]
[rpbihp.numec.prp.usp.br/index.php/File_TheInsectOlfactorySystem2679.html]
[rpbihp.numec.prp.usp.br/index47ff.html]
[rpbihp.numec.prp.usp.br/images/thumb/f/f8/TheInsectOlfactorySystem.pdf/page3-424px-TheInsectOlfactorySystem.pdf.jpg]
[rpbihp.numec.prp.usp.br/images/thumb/f/f8/TheInsectOlfactorySystem.pdf/page3-170px-TheInsectOlfactorySystem.pdf.jpg]
[rpbihp.numec.prp.usp.br/indexbeb0.html]
[rpbihp.numec.prp.usp.br/images/thumb/f/f8/TheInsectOlfactorySystem.pdf/page4-180px-TheInsectOlfactorySystem.pdf.jpg]
[rpbihp.numec.prp.usp.br/index.php/File_TheInsectOlfactorySystemfdb0.html]
[rpbihp.numec.prp.usp.br/index0a6e.html]
[rpbihp.numec.prp.usp.br/index86ba.html]
[rpbihp.numec.prp.usp.br/index46de.html]
[rpbihp.numec.prp.usp.br/index.php/File_TheInsectOlfactorySystem9ba9.html]
[rpbihp.numec.prp.usp.br/index53db.html]
[rpbihp.numec.prp.usp.br/index10ee.html]
[rpbihp.numec.prp.usp.br/index6b2d.html]
[rpbihp.numec.prp.usp.br/index6e2f.html]
[rpbihp.numec.prp.usp.br/load42a3.css]
[rpbihp.numec.prp.usp.br/index7503.html]
[rpbihp.numec.prp.usp.br/index45c1.html]
[rpbihp.numec.prp.usp.br/index1d1c.html]
[rpbihp.numec.prp.usp.br/indexe4a3.html]
[rpbihp.numec.prp.usp.br/images/thumb/b/bd/RPB-IHP-Jan_-23_.pdf/page4-424px-RPB-IHP-Jan_-23_.pdf.jpg]
[rpbihp.numec.prp.usp.br/images/thumb/b/bd/RPB-IHP-Jan_-23_.pdf/page4-170px-RPB-IHP-Jan_-23_.pdf.jpg]
[rpbihp.numec.prp.usp.br/index1f11.html]
[rpbihp.numec.prp.usp.br/images/thumb/b/bd/RPB-IHP-Jan_-23_.pdf/page5-180px-RPB-IHP-Jan_-23_.pdf.jpg]
[rpbihp.numec.prp.usp.br/index.php/File_RPB-IHP-Jan_-23_af4d.html]
[rpbihp.numec.prp.usp.br/index0188.html]
[rpbihp.numec.prp.usp.br/index418b.html]
[rpbihp.numec.prp.usp.br/index6ba1.html]
[rpbihp.numec.prp.usp.br/index.php/File_RPB-IHP-Jan_-23_fdb0.html]
[rpbihp.numec.prp.usp.br/index9b31.html]
[rpbihp.numec.prp.usp.br/index1cc5.html]
[rpbihp.numec.prp.usp.br/index89e5.html]
[rpbihp.numec.prp.usp.br/index5cf6.html]
[rpbihp.numec.prp.usp.br/index9a50.html]
[rpbihp.numec.prp.usp.br/indexa2e5.html]
[rpbihp.numec.prp.usp.br/index.php/File_Program-07_11_222679.html]
[rpbihp.numec.prp.usp.br/indexd2d6.html]
[rpbihp.numec.prp.usp.br/images/thumb/6/6b/Program-07_11_22.pdf/page3-424px-Program-07_11_22.pdf.jpg]
[rpbihp.numec.prp.usp.br/images/thumb/6/6b/Program-07_11_22.pdf/page3-170px-Program-07_11_22.pdf.jpg]
[rpbihp.numec.prp.usp.br/index636d.html]
[rpbihp.numec.prp.usp.br/images/thumb/6/6b/Program-07_11_22.pdf/page4-180px-Program-07_11_22.pdf.jpg]
[rpbihp.numec.prp.usp.br/index.php/File_Program-07_11_22fdb0.html]
[rpbihp.numec.prp.usp.br/index6bc9.html]
[rpbihp.numec.prp.usp.br/index78e9.html]
[rpbihp.numec.prp.usp.br/indexfef3.html]
[rpbihp.numec.prp.usp.br/index.php/File_Program-07_11_229ba9.html]
[rpbihp.numec.prp.usp.br/index0563.html]
[rpbihp.numec.prp.usp.br/index32d5.html]
[rpbihp.numec.prp.usp.br/index2294.html]
[rpbihp.numec.prp.usp.br/indexc829.html]
[rpbihp.numec.prp.usp.br/index3f08.html]
[rpbihp.numec.prp.usp.br/index8c9c.html]
[rpbihp.numec.prp.usp.br/indexb7cd.html]
[rpbihp.numec.prp.usp.br/images/thumb/3/30/RPB_IHP2.pdf/page4-755px-RPB_IHP2.pdf.jpg]
[rpbihp.numec.prp.usp.br/index00cd.html]
[rpbihp.numec.prp.usp.br/images/thumb/3/30/RPB_IHP2.pdf/page5-180px-RPB_IHP2.pdf.jpg]
[rpbihp.numec.prp.usp.br/index.php/File_RPB_IHP2af4d.html]
[rpbihp.numec.prp.usp.br/indexdb28.html]
[rpbihp.numec.prp.usp.br/index0bb8.html]
[rpbihp.numec.prp.usp.br/indexb3f7.html]
[rpbihp.numec.prp.usp.br/index.php/File_RPB_IHP2fdb0.html]
[rpbihp.numec.prp.usp.br/indexf261.html]
[rpbihp.numec.prp.usp.br/index85bb.html]
[rpbihp.numec.prp.usp.br/index6649.html]
[rpbihp.numec.prp.usp.br/index291b.html]
[rpbihp.numec.prp.usp.br/index1a96.html]
[rpbihp.numec.prp.usp.br/index76d7.html]
[rpbihp.numec.prp.usp.br/index3378.html]
[rpbihp.numec.prp.usp.br/index73dd.html]
[rpbihp.numec.prp.usp.br/images/thumb/e/ec/SaoPaulo22.pdf/page4-800px-SaoPaulo22.pdf.jpg]
[rpbihp.numec.prp.usp.br/images/thumb/e/ec/SaoPaulo22.pdf/page4-320px-SaoPaulo22.pdf.jpg]
[rpbihp.numec.prp.usp.br/indexe0ea.html]
[rpbihp.numec.prp.usp.br/images/thumb/e/ec/SaoPaulo22.pdf/page5-180px-SaoPaulo22.pdf.jpg]
[rpbihp.numec.prp.usp.br/index.php/File_SaoPaulo22af4d.html]
[rpbihp.numec.prp.usp.br/indexad39.html]
[rpbihp.numec.prp.usp.br/indexcc65.html]
[rpbihp.numec.prp.usp.br/indexbda1.html]
[rpbihp.numec.prp.usp.br/index.php/File_SaoPaulo22fdb0.html]
[rpbihp.numec.prp.usp.br/index8b56.html]
[rpbihp.numec.prp.usp.br/indexbdde.html]
[rpbihp.numec.prp.usp.br/index79b1.html]
[rpbihp.numec.prp.usp.br/index1186.html]
[rpbihp.numec.prp.usp.br/index4b4d.html]
[rpbihp.numec.prp.usp.br/index0b42.html]
[rpbihp.numec.prp.usp.br/index0bb3.html]
[rpbihp.numec.prp.usp.br/images/thumb/f/f8/TheInsectOlfactorySystem.pdf/page4-424px-TheInsectOlfactorySystem.pdf.jpg]
[rpbihp.numec.prp.usp.br/images/thumb/f/f8/TheInsectOlfactorySystem.pdf/page4-170px-TheInsectOlfactorySystem.pdf.jpg]
[rpbihp.numec.prp.usp.br/index35c8.html]
[rpbihp.numec.prp.usp.br/images/thumb/f/f8/TheInsectOlfactorySystem.pdf/page5-180px-TheInsectOlfactorySystem.pdf.jpg]
[rpbihp.numec.prp.usp.br/index.php/File_TheInsectOlfactorySystemaf4d.html]
[rpbihp.numec.prp.usp.br/indexa049.html]
[rpbihp.numec.prp.usp.br/index5256.html]
[rpbihp.numec.prp.usp.br/indexbeb0.html]
[rpbihp.numec.prp.usp.br/index.php/File_TheInsectOlfactorySystemfdb0.html]
[rpbihp.numec.prp.usp.br/index0a6e.html]
[rpbihp.numec.prp.usp.br/index39e3.html]
[rpbihp.numec.prp.usp.br/index86ba.html]
[rpbihp.numec.prp.usp.br/index10ee.html]
[rpbihp.numec.prp.usp.br/index1d1c.html]
[rpbihp.numec.prp.usp.br/images/thumb/b/bd/RPB-IHP-Jan_-23_.pdf/page5-424px-RPB-IHP-Jan_-23_.pdf.jpg]
[rpbihp.numec.prp.usp.br/images/thumb/b/bd/RPB-IHP-Jan_-23_.pdf/page5-170px-RPB-IHP-Jan_-23_.pdf.jpg]
[rpbihp.numec.prp.usp.br/indexed10.html]
[rpbihp.numec.prp.usp.br/images/thumb/b/bd/RPB-IHP-Jan_-23_.pdf/page6-180px-RPB-IHP-Jan_-23_.pdf.jpg]
[rpbihp.numec.prp.usp.br/index.php/File_RPB-IHP-Jan_-23_c575.html]
[rpbihp.numec.prp.usp.br/index03c6.html]
[rpbihp.numec.prp.usp.br/indexa43c.html]
[rpbihp.numec.prp.usp.br/index1f11.html]
[rpbihp.numec.prp.usp.br/index.php/File_RPB-IHP-Jan_-23_af4d.html]
[rpbihp.numec.prp.usp.br/index0188.html]
[rpbihp.numec.prp.usp.br/index3065.html]
[rpbihp.numec.prp.usp.br/index418b.html]
[rpbihp.numec.prp.usp.br/index1cc5.html]
[rpbihp.numec.prp.usp.br/index9a50.html]
[rpbihp.numec.prp.usp.br/indexbd49.html]
[rpbihp.numec.prp.usp.br/indexa2e5.html]
[rpbihp.numec.prp.usp.br/images/thumb/6/6b/Program-07_11_22.pdf/page4-424px-Program-07_11_22.pdf.jpg]
[rpbihp.numec.prp.usp.br/images/thumb/6/6b/Program-07_11_22.pdf/page4-170px-Program-07_11_22.pdf.jpg]
[rpbihp.numec.prp.usp.br/index3cbb.html]
[rpbihp.numec.prp.usp.br/images/thumb/6/6b/Program-07_11_22.pdf/page5-180px-Program-07_11_22.pdf.jpg]
[rpbihp.numec.prp.usp.br/index.php/File_Program-07_11_22af4d.html]
[rpbihp.numec.prp.usp.br/index0d92.html]
[rpbihp.numec.prp.usp.br/indexb35b.html]
[rpbihp.numec.prp.usp.br/index636d.html]
[rpbihp.numec.prp.usp.br/index.php/File_Program-07_11_22fdb0.html]
[rpbihp.numec.prp.usp.br/index6bc9.html]
[rpbihp.numec.prp.usp.br/index0147.html]
[rpbihp.numec.prp.usp.br/index78e9.html]
[rpbihp.numec.prp.usp.br/index32d5.html]
[rpbihp.numec.prp.usp.br/index8c9c.html]
[rpbihp.numec.prp.usp.br/images/thumb/3/30/RPB_IHP2.pdf/page5-755px-RPB_IHP2.pdf.jpg]
[rpbihp.numec.prp.usp.br/indexa8f7.html]
[rpbihp.numec.prp.usp.br/images/thumb/3/30/RPB_IHP2.pdf/page6-180px-RPB_IHP2.pdf.jpg]
[rpbihp.numec.prp.usp.br/index.php/File_RPB_IHP2c575.html]
[rpbihp.numec.prp.usp.br/indexb977.html]
[rpbihp.numec.prp.usp.br/index0776.html]
[rpbihp.numec.prp.usp.br/index00cd.html]
[rpbihp.numec.prp.usp.br/index.php/File_RPB_IHP2af4d.html]
[rpbihp.numec.prp.usp.br/indexdb28.html]
[rpbihp.numec.prp.usp.br/indexa0d8.html]
[rpbihp.numec.prp.usp.br/index0bb8.html]
[rpbihp.numec.prp.usp.br/index85bb.html]
[rpbihp.numec.prp.usp.br/index3378.html]
[rpbihp.numec.prp.usp.br/images/thumb/e/ec/SaoPaulo22.pdf/page5-800px-SaoPaulo22.pdf.jpg]
[rpbihp.numec.prp.usp.br/images/thumb/e/ec/SaoPaulo22.pdf/page5-320px-SaoPaulo22.pdf.jpg]
[rpbihp.numec.prp.usp.br/index3ce3.html]
[rpbihp.numec.prp.usp.br/images/thumb/e/ec/SaoPaulo22.pdf/page6-180px-SaoPaulo22.pdf.jpg]
[rpbihp.numec.prp.usp.br/index.php/File_SaoPaulo22c575.html]
[rpbihp.numec.prp.usp.br/indexfc79.html]
[rpbihp.numec.prp.usp.br/index3a74.html]
[rpbihp.numec.prp.usp.br/indexe0ea.html]
[rpbihp.numec.prp.usp.br/index.php/File_SaoPaulo22af4d.html]
[rpbihp.numec.prp.usp.br/indexad39.html]
[rpbihp.numec.prp.usp.br/index86a7.html]
[rpbihp.numec.prp.usp.br/indexcc65.html]
[rpbihp.numec.prp.usp.br/indexbdde.html]
[rpbihp.numec.prp.usp.br/index0b42.html]
[rpbihp.numec.prp.usp.br/images/thumb/f/f8/TheInsectOlfactorySystem.pdf/page5-424px-TheInsectOlfactorySystem.pdf.jpg]
[rpbihp.numec.prp.usp.br/images/thumb/f/f8/TheInsectOlfactorySystem.pdf/page5-170px-TheInsectOlfactorySystem.pdf.jpg]
[rpbihp.numec.prp.usp.br/indexbcee.html]
[rpbihp.numec.prp.usp.br/index3f34.html]
[rpbihp.numec.prp.usp.br/index35c8.html]
[rpbihp.numec.prp.usp.br/index.php/File_TheInsectOlfactorySystemaf4d.html]
[rpbihp.numec.prp.usp.br/indexa049.html]
[rpbihp.numec.prp.usp.br/index73ac.html]
[rpbihp.numec.prp.usp.br/index5256.html]
[rpbihp.numec.prp.usp.br/index39e3.html]
[rpbihp.numec.prp.usp.br/images/thumb/b/bd/RPB-IHP-Jan_-23_.pdf/page6-424px-RPB-IHP-Jan_-23_.pdf.jpg]
[rpbihp.numec.prp.usp.br/images/thumb/b/bd/RPB-IHP-Jan_-23_.pdf/page6-170px-RPB-IHP-Jan_-23_.pdf.jpg]
[rpbihp.numec.prp.usp.br/indexf74b.html]
[rpbihp.numec.prp.usp.br/images/thumb/b/bd/RPB-IHP-Jan_-23_.pdf/page7-180px-RPB-IHP-Jan_-23_.pdf.jpg]
[rpbihp.numec.prp.usp.br/index.php/File_RPB-IHP-Jan_-23_235c.html]
[rpbihp.numec.prp.usp.br/index2584.html]
[rpbihp.numec.prp.usp.br/index3867.html]
[rpbihp.numec.prp.usp.br/indexed10.html]
[rpbihp.numec.prp.usp.br/index.php/File_RPB-IHP-Jan_-23_c575.html]
[rpbihp.numec.prp.usp.br/index03c6.html]
[rpbihp.numec.prp.usp.br/indexbd7e.html]
[rpbihp.numec.prp.usp.br/indexa43c.html]
[rpbihp.numec.prp.usp.br/index3065.html]
[rpbihp.numec.prp.usp.br/indexbd49.html]
[rpbihp.numec.prp.usp.br/images/thumb/6/6b/Program-07_11_22.pdf/page5-424px-Program-07_11_22.pdf.jpg]
[rpbihp.numec.prp.usp.br/images/thumb/6/6b/Program-07_11_22.pdf/page5-170px-Program-07_11_22.pdf.jpg]
[rpbihp.numec.prp.usp.br/indexb48f.html]
[rpbihp.numec.prp.usp.br/images/thumb/6/6b/Program-07_11_22.pdf/page6-180px-Program-07_11_22.pdf.jpg]
[rpbihp.numec.prp.usp.br/index.php/File_Program-07_11_22c575.html]
[rpbihp.numec.prp.usp.br/index17c8.html]
[rpbihp.numec.prp.usp.br/indexe96b.html]
[rpbihp.numec.prp.usp.br/index3cbb.html]
[rpbihp.numec.prp.usp.br/index.php/File_Program-07_11_22af4d.html]
[rpbihp.numec.prp.usp.br/index0d92.html]
[rpbihp.numec.prp.usp.br/index12fe.html]
[rpbihp.numec.prp.usp.br/indexb35b.html]
[rpbihp.numec.prp.usp.br/index0147.html]
[rpbihp.numec.prp.usp.br/images/thumb/3/30/RPB_IHP2.pdf/page6-755px-RPB_IHP2.pdf.jpg]
[rpbihp.numec.prp.usp.br/index7911.html]
[rpbihp.numec.prp.usp.br/images/thumb/3/30/RPB_IHP2.pdf/page7-180px-RPB_IHP2.pdf.jpg]
[rpbihp.numec.prp.usp.br/index.php/File_RPB_IHP2235c.html]
[rpbihp.numec.prp.usp.br/index0d35.html]
[rpbihp.numec.prp.usp.br/index0227.html]
[rpbihp.numec.prp.usp.br/indexa8f7.html]
[rpbihp.numec.prp.usp.br/index.php/File_RPB_IHP2c575.html]
[rpbihp.numec.prp.usp.br/indexb977.html]
[rpbihp.numec.prp.usp.br/index03e3.html]
[rpbihp.numec.prp.usp.br/index0776.html]
[rpbihp.numec.prp.usp.br/indexa0d8.html]
[rpbihp.numec.prp.usp.br/images/thumb/e/ec/SaoPaulo22.pdf/page6-800px-SaoPaulo22.pdf.jpg]
[rpbihp.numec.prp.usp.br/images/thumb/e/ec/SaoPaulo22.pdf/page6-320px-SaoPaulo22.pdf.jpg]
[rpbihp.numec.prp.usp.br/index9a78.html]
[rpbihp.numec.prp.usp.br/images/thumb/e/ec/SaoPaulo22.pdf/page7-180px-SaoPaulo22.pdf.jpg]
[rpbihp.numec.prp.usp.br/index.php/File_SaoPaulo22235c.html]
[rpbihp.numec.prp.usp.br/index2a89.html]
[rpbihp.numec.prp.usp.br/indexcf80.html]
[rpbihp.numec.prp.usp.br/index3ce3.html]
[rpbihp.numec.prp.usp.br/index.php/File_SaoPaulo22c575.html]
[rpbihp.numec.prp.usp.br/indexfc79.html]
[rpbihp.numec.prp.usp.br/index0f2f.html]
[rpbihp.numec.prp.usp.br/index3a74.html]
[rpbihp.numec.prp.usp.br/index86a7.html]
[rpbihp.numec.prp.usp.br/indexbcee.html]
[rpbihp.numec.prp.usp.br/index7421.html]
[rpbihp.numec.prp.usp.br/index3f34.html]
[rpbihp.numec.prp.usp.br/index73ac.html]
[rpbihp.numec.prp.usp.br/images/thumb/b/bd/RPB-IHP-Jan_-23_.pdf/page7-424px-RPB-IHP-Jan_-23_.pdf.jpg]
[rpbihp.numec.prp.usp.br/images/thumb/b/bd/RPB-IHP-Jan_-23_.pdf/page7-170px-RPB-IHP-Jan_-23_.pdf.jpg]
[rpbihp.numec.prp.usp.br/indexa33a.html]
[rpbihp.numec.prp.usp.br/images/thumb/b/bd/RPB-IHP-Jan_-23_.pdf/page8-180px-RPB-IHP-Jan_-23_.pdf.jpg]
[rpbihp.numec.prp.usp.br/index.php/File_RPB-IHP-Jan_-23_fdfa.html]
[rpbihp.numec.prp.usp.br/indexeefa.html]
[rpbihp.numec.prp.usp.br/index8617.html]
[rpbihp.numec.prp.usp.br/indexf74b.html]
[rpbihp.numec.prp.usp.br/index.php/File_RPB-IHP-Jan_-23_235c.html]
[rpbihp.numec.prp.usp.br/index2584.html]
[rpbihp.numec.prp.usp.br/indexbfa1.html]
[rpbihp.numec.prp.usp.br/index3867.html]
[rpbihp.numec.prp.usp.br/indexbd7e.html]
[rpbihp.numec.prp.usp.br/images/thumb/6/6b/Program-07_11_22.pdf/page6-424px-Program-07_11_22.pdf.jpg]
[rpbihp.numec.prp.usp.br/images/thumb/6/6b/Program-07_11_22.pdf/page6-170px-Program-07_11_22.pdf.jpg]
[rpbihp.numec.prp.usp.br/indexf8af.html]
[rpbihp.numec.prp.usp.br/images/thumb/6/6b/Program-07_11_22.pdf/page7-180px-Program-07_11_22.pdf.jpg]
[rpbihp.numec.prp.usp.br/index.php/File_Program-07_11_22235c.html]
[rpbihp.numec.prp.usp.br/indexd707.html]
[rpbihp.numec.prp.usp.br/index3b82.html]
[rpbihp.numec.prp.usp.br/indexb48f.html]
[rpbihp.numec.prp.usp.br/index.php/File_Program-07_11_22c575.html]
[rpbihp.numec.prp.usp.br/index17c8.html]
[rpbihp.numec.prp.usp.br/indexfe63.html]
[rpbihp.numec.prp.usp.br/indexe96b.html]
[rpbihp.numec.prp.usp.br/index12fe.html]
[rpbihp.numec.prp.usp.br/images/thumb/3/30/RPB_IHP2.pdf/page7-755px-RPB_IHP2.pdf.jpg]
[rpbihp.numec.prp.usp.br/index9475.html]
[rpbihp.numec.prp.usp.br/images/thumb/3/30/RPB_IHP2.pdf/page8-180px-RPB_IHP2.pdf.jpg]
[rpbihp.numec.prp.usp.br/index.php/File_RPB_IHP2fdfa.html]
[rpbihp.numec.prp.usp.br/index7f18.html]
[rpbihp.numec.prp.usp.br/index8650.html]
[rpbihp.numec.prp.usp.br/index7911.html]
[rpbihp.numec.prp.usp.br/index.php/File_RPB_IHP2235c.html]
[rpbihp.numec.prp.usp.br/index0d35.html]
[rpbihp.numec.prp.usp.br/index0c71.html]
[rpbihp.numec.prp.usp.br/index0227.html]
[rpbihp.numec.prp.usp.br/index03e3.html]
[rpbihp.numec.prp.usp.br/images/thumb/e/ec/SaoPaulo22.pdf/page7-800px-SaoPaulo22.pdf.jpg]
[rpbihp.numec.prp.usp.br/images/thumb/e/ec/SaoPaulo22.pdf/page7-320px-SaoPaulo22.pdf.jpg]
[rpbihp.numec.prp.usp.br/index10d5.html]
[rpbihp.numec.prp.usp.br/images/thumb/e/ec/SaoPaulo22.pdf/page8-180px-SaoPaulo22.pdf.jpg]
[rpbihp.numec.prp.usp.br/index.php/File_SaoPaulo22fdfa.html]
[rpbihp.numec.prp.usp.br/index07f1.html]
[rpbihp.numec.prp.usp.br/index980f.html]
[rpbihp.numec.prp.usp.br/index9a78.html]
[rpbihp.numec.prp.usp.br/index.php/File_SaoPaulo22235c.html]
[rpbihp.numec.prp.usp.br/index2a89.html]
[rpbihp.numec.prp.usp.br/index30e1.html]
[rpbihp.numec.prp.usp.br/indexcf80.html]
[rpbihp.numec.prp.usp.br/index0f2f.html]
[rpbihp.numec.prp.usp.br/index7421.html]
[rpbihp.numec.prp.usp.br/images/thumb/b/bd/RPB-IHP-Jan_-23_.pdf/page8-424px-RPB-IHP-Jan_-23_.pdf.jpg]
[rpbihp.numec.prp.usp.br/images/thumb/b/bd/RPB-IHP-Jan_-23_.pdf/page8-170px-RPB-IHP-Jan_-23_.pdf.jpg]
[rpbihp.numec.prp.usp.br/index57e1.html]
[rpbihp.numec.prp.usp.br/index5bf3.html]
[rpbihp.numec.prp.usp.br/indexa33a.html]
[rpbihp.numec.prp.usp.br/index.php/File_RPB-IHP-Jan_-23_fdfa.html]
[rpbihp.numec.prp.usp.br/indexeefa.html]
[rpbihp.numec.prp.usp.br/index5f88.html]
[rpbihp.numec.prp.usp.br/index8617.html]
[rpbihp.numec.prp.usp.br/indexbfa1.html]
[rpbihp.numec.prp.usp.br/images/thumb/6/6b/Program-07_11_22.pdf/page7-424px-Program-07_11_22.pdf.jpg]
[rpbihp.numec.prp.usp.br/images/thumb/6/6b/Program-07_11_22.pdf/page7-170px-Program-07_11_22.pdf.jpg]
[rpbihp.numec.prp.usp.br/index4238.html]
[rpbihp.numec.prp.usp.br/images/thumb/6/6b/Program-07_11_22.pdf/page8-180px-Program-07_11_22.pdf.jpg]
[rpbihp.numec.prp.usp.br/index.php/File_Program-07_11_22fdfa.html]
[rpbihp.numec.prp.usp.br/index0d9b.html]
[rpbihp.numec.prp.usp.br/indexd4e4.html]
[rpbihp.numec.prp.usp.br/indexf8af.html]
[rpbihp.numec.prp.usp.br/index.php/File_Program-07_11_22235c.html]
[rpbihp.numec.prp.usp.br/indexd707.html]
[rpbihp.numec.prp.usp.br/indexe555.html]
[rpbihp.numec.prp.usp.br/index3b82.html]
[rpbihp.numec.prp.usp.br/indexfe63.html]
[rpbihp.numec.prp.usp.br/images/thumb/3/30/RPB_IHP2.pdf/page8-755px-RPB_IHP2.pdf.jpg]
[rpbihp.numec.prp.usp.br/indexc196.html]
[rpbihp.numec.prp.usp.br/images/thumb/3/30/RPB_IHP2.pdf/page9-180px-RPB_IHP2.pdf.jpg]
[rpbihp.numec.prp.usp.br/index.php/File_RPB_IHP20b08.html]
[rpbihp.numec.prp.usp.br/indexbcca.html]
[rpbihp.numec.prp.usp.br/indexd33a.html]
[rpbihp.numec.prp.usp.br/index9475.html]
[rpbihp.numec.prp.usp.br/index.php/File_RPB_IHP2fdfa.html]
[rpbihp.numec.prp.usp.br/index7f18.html]
[rpbihp.numec.prp.usp.br/index61bb.html]
[rpbihp.numec.prp.usp.br/index8650.html]
[rpbihp.numec.prp.usp.br/index0c71.html]
[rpbihp.numec.prp.usp.br/images/thumb/e/ec/SaoPaulo22.pdf/page8-800px-SaoPaulo22.pdf.jpg]
[rpbihp.numec.prp.usp.br/images/thumb/e/ec/SaoPaulo22.pdf/page8-320px-SaoPaulo22.pdf.jpg]
[rpbihp.numec.prp.usp.br/index15d8.html]
[rpbihp.numec.prp.usp.br/images/thumb/e/ec/SaoPaulo22.pdf/page9-180px-SaoPaulo22.pdf.jpg]
[rpbihp.numec.prp.usp.br/index.php/File_SaoPaulo220b08.html]
[rpbihp.numec.prp.usp.br/indexb347.html]
[rpbihp.numec.prp.usp.br/index3dd2.html]
[rpbihp.numec.prp.usp.br/index10d5.html]
[rpbihp.numec.prp.usp.br/index.php/File_SaoPaulo22fdfa.html]
[rpbihp.numec.prp.usp.br/index07f1.html]
[rpbihp.numec.prp.usp.br/index6509.html]
[rpbihp.numec.prp.usp.br/index980f.html]
[rpbihp.numec.prp.usp.br/index30e1.html]
[rpbihp.numec.prp.usp.br/index57e1.html]
[rpbihp.numec.prp.usp.br/index5295.html]
[rpbihp.numec.prp.usp.br/index5bf3.html]
[rpbihp.numec.prp.usp.br/index5f88.html]
[rpbihp.numec.prp.usp.br/images/thumb/6/6b/Program-07_11_22.pdf/page8-424px-Program-07_11_22.pdf.jpg]
[rpbihp.numec.prp.usp.br/images/thumb/6/6b/Program-07_11_22.pdf/page8-170px-Program-07_11_22.pdf.jpg]
[rpbihp.numec.prp.usp.br/indexe3c5.html]
[rpbihp.numec.prp.usp.br/index553f.html]
[rpbihp.numec.prp.usp.br/index4238.html]
[rpbihp.numec.prp.usp.br/index.php/File_Program-07_11_22fdfa.html]
[rpbihp.numec.prp.usp.br/index0d9b.html]
[rpbihp.numec.prp.usp.br/index3c3d.html]
[rpbihp.numec.prp.usp.br/indexd4e4.html]
[rpbihp.numec.prp.usp.br/indexe555.html]
[rpbihp.numec.prp.usp.br/images/thumb/3/30/RPB_IHP2.pdf/page9-755px-RPB_IHP2.pdf.jpg]
[rpbihp.numec.prp.usp.br/index1f53.html]
[rpbihp.numec.prp.usp.br/images/thumb/3/30/RPB_IHP2.pdf/page10-180px-RPB_IHP2.pdf.jpg]
[rpbihp.numec.prp.usp.br/index.php/File_RPB_IHP21448.html]
[rpbihp.numec.prp.usp.br/indexc1b2.html]
[rpbihp.numec.prp.usp.br/index42af.html]
[rpbihp.numec.prp.usp.br/indexc196.html]
[rpbihp.numec.prp.usp.br/index.php/File_RPB_IHP20b08.html]
[rpbihp.numec.prp.usp.br/indexbcca.html]
[rpbihp.numec.prp.usp.br/index0d41.html]
[rpbihp.numec.prp.usp.br/indexd33a.html]
[rpbihp.numec.prp.usp.br/index61bb.html]
[rpbihp.numec.prp.usp.br/images/thumb/e/ec/SaoPaulo22.pdf/page9-800px-SaoPaulo22.pdf.jpg]
[rpbihp.numec.prp.usp.br/images/thumb/e/ec/SaoPaulo22.pdf/page9-320px-SaoPaulo22.pdf.jpg]
[rpbihp.numec.prp.usp.br/index04da.html]
[rpbihp.numec.prp.usp.br/images/thumb/e/ec/SaoPaulo22.pdf/page10-180px-SaoPaulo22.pdf.jpg]
[rpbihp.numec.prp.usp.br/index.php/File_SaoPaulo221448.html]
[rpbihp.numec.prp.usp.br/index07d3.html]
[rpbihp.numec.prp.usp.br/index6e29.html]
[rpbihp.numec.prp.usp.br/index15d8.html]
[rpbihp.numec.prp.usp.br/index.php/File_SaoPaulo220b08.html]
[rpbihp.numec.prp.usp.br/indexb347.html]
[rpbihp.numec.prp.usp.br/index2aa0.html]
[rpbihp.numec.prp.usp.br/index3dd2.html]
[rpbihp.numec.prp.usp.br/index6509.html]
[rpbihp.numec.prp.usp.br/index5295.html]
[rpbihp.numec.prp.usp.br/indexe3c5.html]
[rpbihp.numec.prp.usp.br/index00bd.html]
[rpbihp.numec.prp.usp.br/index553f.html]
[rpbihp.numec.prp.usp.br/index3c3d.html]
[rpbihp.numec.prp.usp.br/images/thumb/3/30/RPB_IHP2.pdf/page10-755px-RPB_IHP2.pdf.jpg]
[rpbihp.numec.prp.usp.br/index58d3.html]
[rpbihp.numec.prp.usp.br/images/thumb/3/30/RPB_IHP2.pdf/page11-180px-RPB_IHP2.pdf.jpg]
[rpbihp.numec.prp.usp.br/index.php/File_RPB_IHP21c8b.html]
[rpbihp.numec.prp.usp.br/index9481.html]
[rpbihp.numec.prp.usp.br/index398c.html]
[rpbihp.numec.prp.usp.br/index1f53.html]
[rpbihp.numec.prp.usp.br/index.php/File_RPB_IHP21448.html]
[rpbihp.numec.prp.usp.br/indexc1b2.html]
[rpbihp.numec.prp.usp.br/index0abe.html]
[rpbihp.numec.prp.usp.br/index42af.html]
[rpbihp.numec.prp.usp.br/index0d41.html]
[rpbihp.numec.prp.usp.br/images/thumb/e/ec/SaoPaulo22.pdf/page10-800px-SaoPaulo22.pdf.jpg]
[rpbihp.numec.prp.usp.br/images/thumb/e/ec/SaoPaulo22.pdf/page10-320px-SaoPaulo22.pdf.jpg]
[rpbihp.numec.prp.usp.br/indexf083.html]
[rpbihp.numec.prp.usp.br/images/thumb/e/ec/SaoPaulo22.pdf/page11-180px-SaoPaulo22.pdf.jpg]
[rpbihp.numec.prp.usp.br/index.php/File_SaoPaulo221c8b.html]
[rpbihp.numec.prp.usp.br/indexc8a3.html]
[rpbihp.numec.prp.usp.br/indexbb31.html]
[rpbihp.numec.prp.usp.br/index04da.html]
[rpbihp.numec.prp.usp.br/index.php/File_SaoPaulo221448.html]
[rpbihp.numec.prp.usp.br/index07d3.html]
[rpbihp.numec.prp.usp.br/index9b4d.html]
[rpbihp.numec.prp.usp.br/index6e29.html]
[rpbihp.numec.prp.usp.br/index2aa0.html]
[rpbihp.numec.prp.usp.br/index00bd.html]
[rpbihp.numec.prp.usp.br/images/thumb/3/30/RPB_IHP2.pdf/page11-755px-RPB_IHP2.pdf.jpg]
[rpbihp.numec.prp.usp.br/index7dfc.html]
[rpbihp.numec.prp.usp.br/images/thumb/3/30/RPB_IHP2.pdf/page12-180px-RPB_IHP2.pdf.jpg]
[rpbihp.numec.prp.usp.br/index.php/File_RPB_IHP2ce37.html]
[rpbihp.numec.prp.usp.br/index1023.html]
[rpbihp.numec.prp.usp.br/indexfda7.html]
[rpbihp.numec.prp.usp.br/index58d3.html]
[rpbihp.numec.prp.usp.br/index.php/File_RPB_IHP21c8b.html]
[rpbihp.numec.prp.usp.br/index9481.html]
[rpbihp.numec.prp.usp.br/index6505.html]
[rpbihp.numec.prp.usp.br/index398c.html]
[rpbihp.numec.prp.usp.br/index0abe.html]
[rpbihp.numec.prp.usp.br/images/thumb/e/ec/SaoPaulo22.pdf/page11-800px-SaoPaulo22.pdf.jpg]
[rpbihp.numec.prp.usp.br/images/thumb/e/ec/SaoPaulo22.pdf/page11-320px-SaoPaulo22.pdf.jpg]
[rpbihp.numec.prp.usp.br/index7970.html]
[rpbihp.numec.prp.usp.br/images/thumb/e/ec/SaoPaulo22.pdf/page12-180px-SaoPaulo22.pdf.jpg]
[rpbihp.numec.prp.usp.br/index.php/File_SaoPaulo22ce37.html]
[rpbihp.numec.prp.usp.br/index2e5c.html]
[rpbihp.numec.prp.usp.br/index898f.html]
[rpbihp.numec.prp.usp.br/indexf083.html]
[rpbihp.numec.prp.usp.br/index.php/File_SaoPaulo221c8b.html]
[rpbihp.numec.prp.usp.br/indexc8a3.html]
[rpbihp.numec.prp.usp.br/index730c.html]
[rpbihp.numec.prp.usp.br/indexbb31.html]
[rpbihp.numec.prp.usp.br/index9b4d.html]
[rpbihp.numec.prp.usp.br/images/thumb/3/30/RPB_IHP2.pdf/page12-755px-RPB_IHP2.pdf.jpg]
[rpbihp.numec.prp.usp.br/indexa26b.html]
[rpbihp.numec.prp.usp.br/images/thumb/3/30/RPB_IHP2.pdf/page13-180px-RPB_IHP2.pdf.jpg]
[rpbihp.numec.prp.usp.br/index.php/File_RPB_IHP28c93.html]
[rpbihp.numec.prp.usp.br/indexae4e.html]
[rpbihp.numec.prp.usp.br/index7aae.html]
[rpbihp.numec.prp.usp.br/index7dfc.html]
[rpbihp.numec.prp.usp.br/index.php/File_RPB_IHP2ce37.html]
[rpbihp.numec.prp.usp.br/index1023.html]
[rpbihp.numec.prp.usp.br/indexa6a6.html]
[rpbihp.numec.prp.usp.br/indexfda7.html]
[rpbihp.numec.prp.usp.br/index6505.html]
[rpbihp.numec.prp.usp.br/images/thumb/e/ec/SaoPaulo22.pdf/page12-800px-SaoPaulo22.pdf.jpg]
[rpbihp.numec.prp.usp.br/images/thumb/e/ec/SaoPaulo22.pdf/page12-320px-SaoPaulo22.pdf.jpg]
[rpbihp.numec.prp.usp.br/indexe90b.html]
[rpbihp.numec.prp.usp.br/images/thumb/e/ec/SaoPaulo22.pdf/page13-180px-SaoPaulo22.pdf.jpg]
[rpbihp.numec.prp.usp.br/index.php/File_SaoPaulo228c93.html]
[rpbihp.numec.prp.usp.br/indexb22c.html]
[rpbihp.numec.prp.usp.br/index2db5.html]
[rpbihp.numec.prp.usp.br/index7970.html]
[rpbihp.numec.prp.usp.br/index.php/File_SaoPaulo22ce37.html]
[rpbihp.numec.prp.usp.br/index2e5c.html]
[rpbihp.numec.prp.usp.br/indexe7b3.html]
[rpbihp.numec.prp.usp.br/index898f.html]
[rpbihp.numec.prp.usp.br/index730c.html]
[rpbihp.numec.prp.usp.br/images/thumb/3/30/RPB_IHP2.pdf/page13-755px-RPB_IHP2.pdf.jpg]
[rpbihp.numec.prp.usp.br/indexd983.html]
[rpbihp.numec.prp.usp.br/images/thumb/3/30/RPB_IHP2.pdf/page14-180px-RPB_IHP2.pdf.jpg]
[rpbihp.numec.prp.usp.br/index.php/File_RPB_IHP2a7f1.html]
[rpbihp.numec.prp.usp.br/index9608.html]
[rpbihp.numec.prp.usp.br/indexce1a.html]
[rpbihp.numec.prp.usp.br/indexa26b.html]
[rpbihp.numec.prp.usp.br/index.php/File_RPB_IHP28c93.html]
[rpbihp.numec.prp.usp.br/indexae4e.html]
[rpbihp.numec.prp.usp.br/indexf12c.html]
[rpbihp.numec.prp.usp.br/index7aae.html]
[rpbihp.numec.prp.usp.br/indexa6a6.html]
[rpbihp.numec.prp.usp.br/images/thumb/e/ec/SaoPaulo22.pdf/page13-800px-SaoPaulo22.pdf.jpg]
[rpbihp.numec.prp.usp.br/images/thumb/e/ec/SaoPaulo22.pdf/page13-320px-SaoPaulo22.pdf.jpg]
[rpbihp.numec.prp.usp.br/indexe695.html]
[rpbihp.numec.prp.usp.br/images/thumb/e/ec/SaoPaulo22.pdf/page14-180px-SaoPaulo22.pdf.jpg]
[rpbihp.numec.prp.usp.br/index.php/File_SaoPaulo22a7f1.html]
[rpbihp.numec.prp.usp.br/index4fc8.html]
[rpbihp.numec.prp.usp.br/indexc292.html]
[rpbihp.numec.prp.usp.br/indexe90b.html]
[rpbihp.numec.prp.usp.br/index.php/File_SaoPaulo228c93.html]
[rpbihp.numec.prp.usp.br/indexb22c.html]
[rpbihp.numec.prp.usp.br/index266a.html]
[rpbihp.numec.prp.usp.br/index2db5.html]
[rpbihp.numec.prp.usp.br/indexe7b3.html]
[rpbihp.numec.prp.usp.br/images/thumb/3/30/RPB_IHP2.pdf/page14-755px-RPB_IHP2.pdf.jpg]
[rpbihp.numec.prp.usp.br/index95d0.html]
[rpbihp.numec.prp.usp.br/images/thumb/3/30/RPB_IHP2.pdf/page15-180px-RPB_IHP2.pdf.jpg]
[rpbihp.numec.prp.usp.br/index.php/File_RPB_IHP25760.html]
[rpbihp.numec.prp.usp.br/index2627.html]
[rpbihp.numec.prp.usp.br/index1f1e.html]
[rpbihp.numec.prp.usp.br/indexd983.html]
[rpbihp.numec.prp.usp.br/index.php/File_RPB_IHP2a7f1.html]
[rpbihp.numec.prp.usp.br/index9608.html]
[rpbihp.numec.prp.usp.br/indexf5c0.html]
[rpbihp.numec.prp.usp.br/indexce1a.html]
[rpbihp.numec.prp.usp.br/indexf12c.html]
[rpbihp.numec.prp.usp.br/images/thumb/e/ec/SaoPaulo22.pdf/page14-800px-SaoPaulo22.pdf.jpg]
[rpbihp.numec.prp.usp.br/images/thumb/e/ec/SaoPaulo22.pdf/page14-320px-SaoPaulo22.pdf.jpg]
[rpbihp.numec.prp.usp.br/index7779.html]
[rpbihp.numec.prp.usp.br/images/thumb/e/ec/SaoPaulo22.pdf/page15-180px-SaoPaulo22.pdf.jpg]
[rpbihp.numec.prp.usp.br/index.php/File_SaoPaulo225760.html]
[rpbihp.numec.prp.usp.br/indexd572.html]
[rpbihp.numec.prp.usp.br/index876a.html]
[rpbihp.numec.prp.usp.br/indexe695.html]
[rpbihp.numec.prp.usp.br/index.php/File_SaoPaulo22a7f1.html]
[rpbihp.numec.prp.usp.br/index4fc8.html]
[rpbihp.numec.prp.usp.br/indexce6b.html]
[rpbihp.numec.prp.usp.br/indexc292.html]
[rpbihp.numec.prp.usp.br/index266a.html]
[rpbihp.numec.prp.usp.br/images/thumb/3/30/RPB_IHP2.pdf/page15-755px-RPB_IHP2.pdf.jpg]
[rpbihp.numec.prp.usp.br/index7894.html]
[rpbihp.numec.prp.usp.br/images/thumb/3/30/RPB_IHP2.pdf/page16-180px-RPB_IHP2.pdf.jpg]
[rpbihp.numec.prp.usp.br/index.php/File_RPB_IHP242a7.html]
[rpbihp.numec.prp.usp.br/index2884.html]
[rpbihp.numec.prp.usp.br/index1360.html]
[rpbihp.numec.prp.usp.br/index95d0.html]
[rpbihp.numec.prp.usp.br/index.php/File_RPB_IHP25760.html]
[rpbihp.numec.prp.usp.br/index2627.html]
[rpbihp.numec.prp.usp.br/index6ed5.html]
[rpbihp.numec.prp.usp.br/index1f1e.html]
[rpbihp.numec.prp.usp.br/indexf5c0.html]
[rpbihp.numec.prp.usp.br/images/thumb/e/ec/SaoPaulo22.pdf/page15-800px-SaoPaulo22.pdf.jpg]
[rpbihp.numec.prp.usp.br/images/thumb/e/ec/SaoPaulo22.pdf/page15-320px-SaoPaulo22.pdf.jpg]
[rpbihp.numec.prp.usp.br/indexd94b.html]
[rpbihp.numec.prp.usp.br/images/thumb/e/ec/SaoPaulo22.pdf/page16-180px-SaoPaulo22.pdf.jpg]
[rpbihp.numec.prp.usp.br/index.php/File_SaoPaulo2242a7.html]
[rpbihp.numec.prp.usp.br/index08e2.html]
[rpbihp.numec.prp.usp.br/index9679.html]
[rpbihp.numec.prp.usp.br/index7779.html]
[rpbihp.numec.prp.usp.br/index.php/File_SaoPaulo225760.html]
[rpbihp.numec.prp.usp.br/indexd572.html]
[rpbihp.numec.prp.usp.br/indexcf3f.html]
[rpbihp.numec.prp.usp.br/index876a.html]
[rpbihp.numec.prp.usp.br/indexce6b.html]
[rpbihp.numec.prp.usp.br/images/thumb/3/30/RPB_IHP2.pdf/page16-755px-RPB_IHP2.pdf.jpg]
[rpbihp.numec.prp.usp.br/indexd789.html]
[rpbihp.numec.prp.usp.br/images/thumb/3/30/RPB_IHP2.pdf/page17-180px-RPB_IHP2.pdf.jpg]
[rpbihp.numec.prp.usp.br/index.php/File_RPB_IHP25c43.html]
[rpbihp.numec.prp.usp.br/index9b13.html]
[rpbihp.numec.prp.usp.br/index71b7.html]
[rpbihp.numec.prp.usp.br/index7894.html]
[rpbihp.numec.prp.usp.br/index.php/File_RPB_IHP242a7.html]
[rpbihp.numec.prp.usp.br/index2884.html]
[rpbihp.numec.prp.usp.br/index8477.html]
[rpbihp.numec.prp.usp.br/index1360.html]
[rpbihp.numec.prp.usp.br/index6ed5.html]
[rpbihp.numec.prp.usp.br/images/thumb/e/ec/SaoPaulo22.pdf/page16-800px-SaoPaulo22.pdf.jpg]
[rpbihp.numec.prp.usp.br/images/thumb/e/ec/SaoPaulo22.pdf/page16-320px-SaoPaulo22.pdf.jpg]
[rpbihp.numec.prp.usp.br/index2c3b.html]
[rpbihp.numec.prp.usp.br/images/thumb/e/ec/SaoPaulo22.pdf/page17-180px-SaoPaulo22.pdf.jpg]
[rpbihp.numec.prp.usp.br/index.php/File_SaoPaulo225c43.html]
[rpbihp.numec.prp.usp.br/indexdcb7.html]
[rpbihp.numec.prp.usp.br/index1fb7.html]
[rpbihp.numec.prp.usp.br/indexd94b.html]
[rpbihp.numec.prp.usp.br/index.php/File_SaoPaulo2242a7.html]
[rpbihp.numec.prp.usp.br/index08e2.html]
[rpbihp.numec.prp.usp.br/indexcd87.html]
[rpbihp.numec.prp.usp.br/index9679.html]
[rpbihp.numec.prp.usp.br/indexcf3f.html]
[rpbihp.numec.prp.usp.br/images/thumb/3/30/RPB_IHP2.pdf/page17-755px-RPB_IHP2.pdf.jpg]
[rpbihp.numec.prp.usp.br/indexc850.html]
[rpbihp.numec.prp.usp.br/images/thumb/3/30/RPB_IHP2.pdf/page18-180px-RPB_IHP2.pdf.jpg]
[rpbihp.numec.prp.usp.br/index.php/File_RPB_IHP29683.html]
[rpbihp.numec.prp.usp.br/index761d.html]
[rpbihp.numec.prp.usp.br/index3c68.html]
[rpbihp.numec.prp.usp.br/indexd789.html]
[rpbihp.numec.prp.usp.br/index.php/File_RPB_IHP25c43.html]
[rpbihp.numec.prp.usp.br/index9b13.html]
[rpbihp.numec.prp.usp.br/indexda9e.html]
[rpbihp.numec.prp.usp.br/index71b7.html]
[rpbihp.numec.prp.usp.br/index8477.html]
[rpbihp.numec.prp.usp.br/images/thumb/e/ec/SaoPaulo22.pdf/page17-800px-SaoPaulo22.pdf.jpg]
[rpbihp.numec.prp.usp.br/images/thumb/e/ec/SaoPaulo22.pdf/page17-320px-SaoPaulo22.pdf.jpg]
[rpbihp.numec.prp.usp.br/index0446.html]
[rpbihp.numec.prp.usp.br/images/thumb/e/ec/SaoPaulo22.pdf/page18-180px-SaoPaulo22.pdf.jpg]
[rpbihp.numec.prp.usp.br/index.php/File_SaoPaulo229683.html]
[rpbihp.numec.prp.usp.br/index7dad.html]
[rpbihp.numec.prp.usp.br/index256f.html]
[rpbihp.numec.prp.usp.br/index2c3b.html]
[rpbihp.numec.prp.usp.br/index.php/File_SaoPaulo225c43.html]
[rpbihp.numec.prp.usp.br/indexdcb7.html]
[rpbihp.numec.prp.usp.br/indexb741.html]
[rpbihp.numec.prp.usp.br/index1fb7.html]
[rpbihp.numec.prp.usp.br/indexcd87.html]
[rpbihp.numec.prp.usp.br/images/thumb/3/30/RPB_IHP2.pdf/page18-755px-RPB_IHP2.pdf.jpg]
[rpbihp.numec.prp.usp.br/index5f15.html]
[rpbihp.numec.prp.usp.br/images/thumb/3/30/RPB_IHP2.pdf/page19-180px-RPB_IHP2.pdf.jpg]
[rpbihp.numec.prp.usp.br/index.php/File_RPB_IHP27537.html]
[rpbihp.numec.prp.usp.br/indexa4e1.html]
[rpbihp.numec.prp.usp.br/index9c15.html]
[rpbihp.numec.prp.usp.br/indexc850.html]
[rpbihp.numec.prp.usp.br/index.php/File_RPB_IHP29683.html]
[rpbihp.numec.prp.usp.br/index761d.html]
[rpbihp.numec.prp.usp.br/index05fc.html]
[rpbihp.numec.prp.usp.br/index3c68.html]
[rpbihp.numec.prp.usp.br/indexda9e.html]
[rpbihp.numec.prp.usp.br/images/thumb/e/ec/SaoPaulo22.pdf/page18-800px-SaoPaulo22.pdf.jpg]
[rpbihp.numec.prp.usp.br/images/thumb/e/ec/SaoPaulo22.pdf/page18-320px-SaoPaulo22.pdf.jpg]
[rpbihp.numec.prp.usp.br/indexb9ca.html]
[rpbihp.numec.prp.usp.br/images/thumb/e/ec/SaoPaulo22.pdf/page19-180px-SaoPaulo22.pdf.jpg]
[rpbihp.numec.prp.usp.br/index.php/File_SaoPaulo227537.html]
[rpbihp.numec.prp.usp.br/index9049.html]
[rpbihp.numec.prp.usp.br/indexac22.html]
[rpbihp.numec.prp.usp.br/index0446.html]
[rpbihp.numec.prp.usp.br/index.php/File_SaoPaulo229683.html]
[rpbihp.numec.prp.usp.br/index7dad.html]
[rpbihp.numec.prp.usp.br/index7a01.html]
[rpbihp.numec.prp.usp.br/index256f.html]
[rpbihp.numec.prp.usp.br/indexb741.html]
[rpbihp.numec.prp.usp.br/images/thumb/3/30/RPB_IHP2.pdf/page19-755px-RPB_IHP2.pdf.jpg]
[rpbihp.numec.prp.usp.br/indexced3.html]
[rpbihp.numec.prp.usp.br/images/thumb/3/30/RPB_IHP2.pdf/page20-180px-RPB_IHP2.pdf.jpg]
[rpbihp.numec.prp.usp.br/index.php/File_RPB_IHP2f62c.html]
[rpbihp.numec.prp.usp.br/indexe957.html]
[rpbihp.numec.prp.usp.br/indexd4af.html]
[rpbihp.numec.prp.usp.br/index5f15.html]
[rpbihp.numec.prp.usp.br/index.php/File_RPB_IHP27537.html]
[rpbihp.numec.prp.usp.br/indexa4e1.html]
[rpbihp.numec.prp.usp.br/indexdb10.html]
[rpbihp.numec.prp.usp.br/index9c15.html]
[rpbihp.numec.prp.usp.br/index05fc.html]
[rpbihp.numec.prp.usp.br/images/thumb/e/ec/SaoPaulo22.pdf/page19-800px-SaoPaulo22.pdf.jpg]
[rpbihp.numec.prp.usp.br/images/thumb/e/ec/SaoPaulo22.pdf/page19-320px-SaoPaulo22.pdf.jpg]
[rpbihp.numec.prp.usp.br/indexa9f6.html]
[rpbihp.numec.prp.usp.br/images/thumb/e/ec/SaoPaulo22.pdf/page20-180px-SaoPaulo22.pdf.jpg]
[rpbihp.numec.prp.usp.br/index.php/File_SaoPaulo22f62c.html]
[rpbihp.numec.prp.usp.br/index9e42.html]
[rpbihp.numec.prp.usp.br/index455e.html]
[rpbihp.numec.prp.usp.br/indexb9ca.html]
[rpbihp.numec.prp.usp.br/index.php/File_SaoPaulo227537.html]
[rpbihp.numec.prp.usp.br/index9049.html]
[rpbihp.numec.prp.usp.br/index3a84.html]
[rpbihp.numec.prp.usp.br/indexac22.html]
[rpbihp.numec.prp.usp.br/index7a01.html]
[rpbihp.numec.prp.usp.br/images/thumb/3/30/RPB_IHP2.pdf/page20-755px-RPB_IHP2.pdf.jpg]
[rpbihp.numec.prp.usp.br/indexb788.html]
[rpbihp.numec.prp.usp.br/images/thumb/3/30/RPB_IHP2.pdf/page21-180px-RPB_IHP2.pdf.jpg]
[rpbihp.numec.prp.usp.br/index.php/File_RPB_IHP2e4a7.html]
[rpbihp.numec.prp.usp.br/indexbe81.html]
[rpbihp.numec.prp.usp.br/index82b3.html]
[rpbihp.numec.prp.usp.br/indexced3.html]
[rpbihp.numec.prp.usp.br/index.php/File_RPB_IHP2f62c.html]
[rpbihp.numec.prp.usp.br/indexe957.html]
[rpbihp.numec.prp.usp.br/index21df.html]
[rpbihp.numec.prp.usp.br/indexd4af.html]
[rpbihp.numec.prp.usp.br/indexdb10.html]
[rpbihp.numec.prp.usp.br/images/thumb/e/ec/SaoPaulo22.pdf/page20-800px-SaoPaulo22.pdf.jpg]
[rpbihp.numec.prp.usp.br/images/thumb/e/ec/SaoPaulo22.pdf/page20-320px-SaoPaulo22.pdf.jpg]
[rpbihp.numec.prp.usp.br/indexe6fe.html]
[rpbihp.numec.prp.usp.br/images/thumb/e/ec/SaoPaulo22.pdf/page21-180px-SaoPaulo22.pdf.jpg]
[rpbihp.numec.prp.usp.br/index.php/File_SaoPaulo22e4a7.html]
[rpbihp.numec.prp.usp.br/indexc16b.html]
[rpbihp.numec.prp.usp.br/index6560.html]
[rpbihp.numec.prp.usp.br/indexa9f6.html]
[rpbihp.numec.prp.usp.br/index.php/File_SaoPaulo22f62c.html]
[rpbihp.numec.prp.usp.br/index9e42.html]
[rpbihp.numec.prp.usp.br/index5dae.html]
[rpbihp.numec.prp.usp.br/index455e.html]
[rpbihp.numec.prp.usp.br/index3a84.html]
[rpbihp.numec.prp.usp.br/images/thumb/3/30/RPB_IHP2.pdf/page21-755px-RPB_IHP2.pdf.jpg]
[rpbihp.numec.prp.usp.br/indexba3f.html]
[rpbihp.numec.prp.usp.br/images/thumb/3/30/RPB_IHP2.pdf/page22-180px-RPB_IHP2.pdf.jpg]
[rpbihp.numec.prp.usp.br/index.php/File_RPB_IHP23c09.html]
[rpbihp.numec.prp.usp.br/index9b2b.html]
[rpbihp.numec.prp.usp.br/indexdb50.html]
[rpbihp.numec.prp.usp.br/indexb788.html]
[rpbihp.numec.prp.usp.br/index.php/File_RPB_IHP2e4a7.html]
[rpbihp.numec.prp.usp.br/indexbe81.html]
[rpbihp.numec.prp.usp.br/indexc149.html]
[rpbihp.numec.prp.usp.br/index82b3.html]
[rpbihp.numec.prp.usp.br/index21df.html]
[rpbihp.numec.prp.usp.br/images/thumb/e/ec/SaoPaulo22.pdf/page21-800px-SaoPaulo22.pdf.jpg]
[rpbihp.numec.prp.usp.br/images/thumb/e/ec/SaoPaulo22.pdf/page21-320px-SaoPaulo22.pdf.jpg]
[rpbihp.numec.prp.usp.br/indexf115.html]
[rpbihp.numec.prp.usp.br/images/thumb/e/ec/SaoPaulo22.pdf/page22-180px-SaoPaulo22.pdf.jpg]
[rpbihp.numec.prp.usp.br/index.php/File_SaoPaulo223c09.html]
[rpbihp.numec.prp.usp.br/index011c.html]
[rpbihp.numec.prp.usp.br/indexce2e.html]
[rpbihp.numec.prp.usp.br/indexe6fe.html]
[rpbihp.numec.prp.usp.br/index.php/File_SaoPaulo22e4a7.html]
[rpbihp.numec.prp.usp.br/indexc16b.html]
[rpbihp.numec.prp.usp.br/index7442.html]
[rpbihp.numec.prp.usp.br/index6560.html]
[rpbihp.numec.prp.usp.br/index5dae.html]
[rpbihp.numec.prp.usp.br/images/thumb/3/30/RPB_IHP2.pdf/page22-755px-RPB_IHP2.pdf.jpg]
[rpbihp.numec.prp.usp.br/index8d3c.html]
[rpbihp.numec.prp.usp.br/images/thumb/3/30/RPB_IHP2.pdf/page23-180px-RPB_IHP2.pdf.jpg]
[rpbihp.numec.prp.usp.br/index.php/File_RPB_IHP289ae.html]
[rpbihp.numec.prp.usp.br/indexff02.html]
[rpbihp.numec.prp.usp.br/index8229.html]
[rpbihp.numec.prp.usp.br/indexba3f.html]
[rpbihp.numec.prp.usp.br/index.php/File_RPB_IHP23c09.html]
[rpbihp.numec.prp.usp.br/index9b2b.html]
[rpbihp.numec.prp.usp.br/indexb38f.html]
[rpbihp.numec.prp.usp.br/indexdb50.html]
[rpbihp.numec.prp.usp.br/indexc149.html]
[rpbihp.numec.prp.usp.br/images/thumb/e/ec/SaoPaulo22.pdf/page22-800px-SaoPaulo22.pdf.jpg]
[rpbihp.numec.prp.usp.br/images/thumb/e/ec/SaoPaulo22.pdf/page22-320px-SaoPaulo22.pdf.jpg]
[rpbihp.numec.prp.usp.br/indexa683.html]
[rpbihp.numec.prp.usp.br/images/thumb/e/ec/SaoPaulo22.pdf/page23-180px-SaoPaulo22.pdf.jpg]
[rpbihp.numec.prp.usp.br/index.php/File_SaoPaulo2289ae.html]
[rpbihp.numec.prp.usp.br/indexa24a.html]
[rpbihp.numec.prp.usp.br/index3c21.html]
[rpbihp.numec.prp.usp.br/indexf115.html]
[rpbihp.numec.prp.usp.br/index.php/File_SaoPaulo223c09.html]
[rpbihp.numec.prp.usp.br/index011c.html]
[rpbihp.numec.prp.usp.br/index1495.html]
[rpbihp.numec.prp.usp.br/indexce2e.html]
[rpbihp.numec.prp.usp.br/index7442.html]
[rpbihp.numec.prp.usp.br/images/thumb/3/30/RPB_IHP2.pdf/page23-755px-RPB_IHP2.pdf.jpg]
[rpbihp.numec.prp.usp.br/index8225.html]
[rpbihp.numec.prp.usp.br/images/thumb/3/30/RPB_IHP2.pdf/page24-180px-RPB_IHP2.pdf.jpg]
[rpbihp.numec.prp.usp.br/index.php/File_RPB_IHP21d82.html]
[rpbihp.numec.prp.usp.br/index4d7c.html]
[rpbihp.numec.prp.usp.br/index673e.html]
[rpbihp.numec.prp.usp.br/index8d3c.html]
[rpbihp.numec.prp.usp.br/index.php/File_RPB_IHP289ae.html]
[rpbihp.numec.prp.usp.br/indexff02.html]
[rpbihp.numec.prp.usp.br/index5977.html]
[rpbihp.numec.prp.usp.br/index8229.html]
[rpbihp.numec.prp.usp.br/indexb38f.html]
[rpbihp.numec.prp.usp.br/images/thumb/e/ec/SaoPaulo22.pdf/page23-800px-SaoPaulo22.pdf.jpg]
[rpbihp.numec.prp.usp.br/images/thumb/e/ec/SaoPaulo22.pdf/page23-320px-SaoPaulo22.pdf.jpg]
[rpbihp.numec.prp.usp.br/index9b6f.html]
[rpbihp.numec.prp.usp.br/images/thumb/e/ec/SaoPaulo22.pdf/page24-180px-SaoPaulo22.pdf.jpg]
[rpbihp.numec.prp.usp.br/index.php/File_SaoPaulo221d82.html]
[rpbihp.numec.prp.usp.br/indexf08c.html]
[rpbihp.numec.prp.usp.br/indexf972.html]
[rpbihp.numec.prp.usp.br/indexa683.html]
[rpbihp.numec.prp.usp.br/index.php/File_SaoPaulo2289ae.html]
[rpbihp.numec.prp.usp.br/indexa24a.html]
[rpbihp.numec.prp.usp.br/indexcc3f.html]
[rpbihp.numec.prp.usp.br/index3c21.html]
[rpbihp.numec.prp.usp.br/index1495.html]
[rpbihp.numec.prp.usp.br/images/thumb/3/30/RPB_IHP2.pdf/page24-755px-RPB_IHP2.pdf.jpg]
[rpbihp.numec.prp.usp.br/index3acd.html]
[rpbihp.numec.prp.usp.br/images/thumb/3/30/RPB_IHP2.pdf/page25-180px-RPB_IHP2.pdf.jpg]
[rpbihp.numec.prp.usp.br/index.php/File_RPB_IHP28c06.html]
[rpbihp.numec.prp.usp.br/index4496.html]
[rpbihp.numec.prp.usp.br/index8fa0.html]
[rpbihp.numec.prp.usp.br/index8225.html]
[rpbihp.numec.prp.usp.br/index.php/File_RPB_IHP21d82.html]
[rpbihp.numec.prp.usp.br/index4d7c.html]
[rpbihp.numec.prp.usp.br/index5c8c.html]
[rpbihp.numec.prp.usp.br/index673e.html]
[rpbihp.numec.prp.usp.br/index5977.html]
[rpbihp.numec.prp.usp.br/images/thumb/e/ec/SaoPaulo22.pdf/page24-800px-SaoPaulo22.pdf.jpg]
[rpbihp.numec.prp.usp.br/images/thumb/e/ec/SaoPaulo22.pdf/page24-320px-SaoPaulo22.pdf.jpg]
[rpbihp.numec.prp.usp.br/index5f74.html]
[rpbihp.numec.prp.usp.br/images/thumb/e/ec/SaoPaulo22.pdf/page25-180px-SaoPaulo22.pdf.jpg]
[rpbihp.numec.prp.usp.br/index.php/File_SaoPaulo228c06.html]
[rpbihp.numec.prp.usp.br/index1a0c.html]
[rpbihp.numec.prp.usp.br/index1e9b.html]
[rpbihp.numec.prp.usp.br/index9b6f.html]
[rpbihp.numec.prp.usp.br/index.php/File_SaoPaulo221d82.html]
[rpbihp.numec.prp.usp.br/indexf08c.html]
[rpbihp.numec.prp.usp.br/index064f.html]
[rpbihp.numec.prp.usp.br/indexf972.html]
[rpbihp.numec.prp.usp.br/indexcc3f.html]
[rpbihp.numec.prp.usp.br/images/thumb/3/30/RPB_IHP2.pdf/page25-755px-RPB_IHP2.pdf.jpg]
[rpbihp.numec.prp.usp.br/index7b30.html]
[rpbihp.numec.prp.usp.br/images/thumb/3/30/RPB_IHP2.pdf/page26-180px-RPB_IHP2.pdf.jpg]
[rpbihp.numec.prp.usp.br/index.php/File_RPB_IHP219d2.html]
[rpbihp.numec.prp.usp.br/index993e.html]
[rpbihp.numec.prp.usp.br/index186e.html]
[rpbihp.numec.prp.usp.br/index3acd.html]
[rpbihp.numec.prp.usp.br/index.php/File_RPB_IHP28c06.html]
[rpbihp.numec.prp.usp.br/index4496.html]
[rpbihp.numec.prp.usp.br/indexc83c.html]
[rpbihp.numec.prp.usp.br/index8fa0.html]
[rpbihp.numec.prp.usp.br/index5c8c.html]
[rpbihp.numec.prp.usp.br/images/thumb/e/ec/SaoPaulo22.pdf/page25-800px-SaoPaulo22.pdf.jpg]
[rpbihp.numec.prp.usp.br/images/thumb/e/ec/SaoPaulo22.pdf/page25-320px-SaoPaulo22.pdf.jpg]
[rpbihp.numec.prp.usp.br/index9af6.html]
[rpbihp.numec.prp.usp.br/images/thumb/e/ec/SaoPaulo22.pdf/page26-180px-SaoPaulo22.pdf.jpg]
[rpbihp.numec.prp.usp.br/index.php/File_SaoPaulo2219d2.html]
[rpbihp.numec.prp.usp.br/index6aa7.html]
[rpbihp.numec.prp.usp.br/indexccd5.html]
[rpbihp.numec.prp.usp.br/index5f74.html]
[rpbihp.numec.prp.usp.br/index.php/File_SaoPaulo228c06.html]
[rpbihp.numec.prp.usp.br/index1a0c.html]
[rpbihp.numec.prp.usp.br/indexb801.html]
[rpbihp.numec.prp.usp.br/index1e9b.html]
[rpbihp.numec.prp.usp.br/index064f.html]
[rpbihp.numec.prp.usp.br/images/thumb/3/30/RPB_IHP2.pdf/page26-755px-RPB_IHP2.pdf.jpg]
[rpbihp.numec.prp.usp.br/indexd5de.html]
[rpbihp.numec.prp.usp.br/images/thumb/3/30/RPB_IHP2.pdf/page27-180px-RPB_IHP2.pdf.jpg]
[rpbihp.numec.prp.usp.br/index.php/File_RPB_IHP22459.html]
[rpbihp.numec.prp.usp.br/index692f.html]
[rpbihp.numec.prp.usp.br/index629c.html]
[rpbihp.numec.prp.usp.br/index7b30.html]
[rpbihp.numec.prp.usp.br/index.php/File_RPB_IHP219d2.html]
[rpbihp.numec.prp.usp.br/index993e.html]
[rpbihp.numec.prp.usp.br/indexea9e.html]
[rpbihp.numec.prp.usp.br/index186e.html]
[rpbihp.numec.prp.usp.br/indexc83c.html]
[rpbihp.numec.prp.usp.br/images/thumb/e/ec/SaoPaulo22.pdf/page26-800px-SaoPaulo22.pdf.jpg]
[rpbihp.numec.prp.usp.br/images/thumb/e/ec/SaoPaulo22.pdf/page26-320px-SaoPaulo22.pdf.jpg]
[rpbihp.numec.prp.usp.br/indexcece.html]
[rpbihp.numec.prp.usp.br/images/thumb/e/ec/SaoPaulo22.pdf/page27-180px-SaoPaulo22.pdf.jpg]
[rpbihp.numec.prp.usp.br/index.php/File_SaoPaulo222459.html]
[rpbihp.numec.prp.usp.br/indexb133.html]
[rpbihp.numec.prp.usp.br/indexc2a4.html]
[rpbihp.numec.prp.usp.br/index9af6.html]
[rpbihp.numec.prp.usp.br/index.php/File_SaoPaulo2219d2.html]
[rpbihp.numec.prp.usp.br/index6aa7.html]
[rpbihp.numec.prp.usp.br/index6c6b.html]
[rpbihp.numec.prp.usp.br/indexccd5.html]
[rpbihp.numec.prp.usp.br/indexb801.html]
[rpbihp.numec.prp.usp.br/images/thumb/3/30/RPB_IHP2.pdf/page27-755px-RPB_IHP2.pdf.jpg]
[rpbihp.numec.prp.usp.br/index7f1a.html]
[rpbihp.numec.prp.usp.br/images/thumb/3/30/RPB_IHP2.pdf/page28-180px-RPB_IHP2.pdf.jpg]
[rpbihp.numec.prp.usp.br/index.php/File_RPB_IHP2e459.html]
[rpbihp.numec.prp.usp.br/index67d3.html]
[rpbihp.numec.prp.usp.br/index8b2b.html]
[rpbihp.numec.prp.usp.br/indexd5de.html]
[rpbihp.numec.prp.usp.br/index.php/File_RPB_IHP22459.html]
[rpbihp.numec.prp.usp.br/index692f.html]
[rpbihp.numec.prp.usp.br/index3596.html]
[rpbihp.numec.prp.usp.br/index629c.html]
[rpbihp.numec.prp.usp.br/indexea9e.html]
[rpbihp.numec.prp.usp.br/images/thumb/e/ec/SaoPaulo22.pdf/page27-800px-SaoPaulo22.pdf.jpg]
[rpbihp.numec.prp.usp.br/images/thumb/e/ec/SaoPaulo22.pdf/page27-320px-SaoPaulo22.pdf.jpg]
[rpbihp.numec.prp.usp.br/index81ae.html]
[rpbihp.numec.prp.usp.br/images/thumb/e/ec/SaoPaulo22.pdf/page28-180px-SaoPaulo22.pdf.jpg]
[rpbihp.numec.prp.usp.br/index.php/File_SaoPaulo22e459.html]
[rpbihp.numec.prp.usp.br/indexa34e.html]
[rpbihp.numec.prp.usp.br/indexc090.html]
[rpbihp.numec.prp.usp.br/indexcece.html]
[rpbihp.numec.prp.usp.br/index.php/File_SaoPaulo222459.html]
[rpbihp.numec.prp.usp.br/indexb133.html]
[rpbihp.numec.prp.usp.br/index52aa.html]
[rpbihp.numec.prp.usp.br/indexc2a4.html]
[rpbihp.numec.prp.usp.br/index6c6b.html]
[rpbihp.numec.prp.usp.br/images/thumb/3/30/RPB_IHP2.pdf/page28-755px-RPB_IHP2.pdf.jpg]
[rpbihp.numec.prp.usp.br/index0c8f.html]
[rpbihp.numec.prp.usp.br/images/thumb/3/30/RPB_IHP2.pdf/page29-180px-RPB_IHP2.pdf.jpg]
[rpbihp.numec.prp.usp.br/index.php/File_RPB_IHP2219f.html]
[rpbihp.numec.prp.usp.br/indexe5cf.html]
[rpbihp.numec.prp.usp.br/index2c2e.html]
[rpbihp.numec.prp.usp.br/index7f1a.html]
[rpbihp.numec.prp.usp.br/index.php/File_RPB_IHP2e459.html]
[rpbihp.numec.prp.usp.br/index67d3.html]
[rpbihp.numec.prp.usp.br/indexb808.html]
[rpbihp.numec.prp.usp.br/index8b2b.html]
[rpbihp.numec.prp.usp.br/index3596.html]
[rpbihp.numec.prp.usp.br/images/thumb/e/ec/SaoPaulo22.pdf/page28-800px-SaoPaulo22.pdf.jpg]
[rpbihp.numec.prp.usp.br/images/thumb/e/ec/SaoPaulo22.pdf/page28-320px-SaoPaulo22.pdf.jpg]
[rpbihp.numec.prp.usp.br/index25f3.html]
[rpbihp.numec.prp.usp.br/images/thumb/e/ec/SaoPaulo22.pdf/page29-180px-SaoPaulo22.pdf.jpg]
[rpbihp.numec.prp.usp.br/index.php/File_SaoPaulo22219f.html]
[rpbihp.numec.prp.usp.br/index8a8a.html]
[rpbihp.numec.prp.usp.br/index9193.html]
[rpbihp.numec.prp.usp.br/index81ae.html]
[rpbihp.numec.prp.usp.br/index.php/File_SaoPaulo22e459.html]
[rpbihp.numec.prp.usp.br/indexa34e.html]
[rpbihp.numec.prp.usp.br/index05c5.html]
[rpbihp.numec.prp.usp.br/indexc090.html]
[rpbihp.numec.prp.usp.br/index52aa.html]
[rpbihp.numec.prp.usp.br/images/thumb/3/30/RPB_IHP2.pdf/page29-755px-RPB_IHP2.pdf.jpg]
[rpbihp.numec.prp.usp.br/indexf3f4.html]
[rpbihp.numec.prp.usp.br/images/thumb/3/30/RPB_IHP2.pdf/page30-180px-RPB_IHP2.pdf.jpg]
[rpbihp.numec.prp.usp.br/index.php/File_RPB_IHP2b385.html]
[rpbihp.numec.prp.usp.br/index1afa.html]
[rpbihp.numec.prp.usp.br/indexdf4d.html]
[rpbihp.numec.prp.usp.br/index0c8f.html]
[rpbihp.numec.prp.usp.br/index.php/File_RPB_IHP2219f.html]
[rpbihp.numec.prp.usp.br/indexe5cf.html]
[rpbihp.numec.prp.usp.br/indexc046.html]
[rpbihp.numec.prp.usp.br/index2c2e.html]
[rpbihp.numec.prp.usp.br/indexb808.html]
[rpbihp.numec.prp.usp.br/images/thumb/e/ec/SaoPaulo22.pdf/page29-800px-SaoPaulo22.pdf.jpg]
[rpbihp.numec.prp.usp.br/images/thumb/e/ec/SaoPaulo22.pdf/page29-320px-SaoPaulo22.pdf.jpg]
[rpbihp.numec.prp.usp.br/indexda5b.html]
[rpbihp.numec.prp.usp.br/images/thumb/e/ec/SaoPaulo22.pdf/page30-180px-SaoPaulo22.pdf.jpg]
[rpbihp.numec.prp.usp.br/index.php/File_SaoPaulo22b385.html]
[rpbihp.numec.prp.usp.br/indexab7b.html]
[rpbihp.numec.prp.usp.br/indexacea.html]
[rpbihp.numec.prp.usp.br/index25f3.html]
[rpbihp.numec.prp.usp.br/index.php/File_SaoPaulo22219f.html]
[rpbihp.numec.prp.usp.br/index8a8a.html]
[rpbihp.numec.prp.usp.br/indexb79c.html]
[rpbihp.numec.prp.usp.br/index9193.html]
[rpbihp.numec.prp.usp.br/index05c5.html]
[rpbihp.numec.prp.usp.br/images/thumb/3/30/RPB_IHP2.pdf/page30-755px-RPB_IHP2.pdf.jpg]
[rpbihp.numec.prp.usp.br/index86ed.html]
[rpbihp.numec.prp.usp.br/images/thumb/3/30/RPB_IHP2.pdf/page31-180px-RPB_IHP2.pdf.jpg]
[rpbihp.numec.prp.usp.br/index.php/File_RPB_IHP2dcf3.html]
[rpbihp.numec.prp.usp.br/index9acc.html]
[rpbihp.numec.prp.usp.br/index655c.html]
[rpbihp.numec.prp.usp.br/indexf3f4.html]
[rpbihp.numec.prp.usp.br/index.php/File_RPB_IHP2b385.html]
[rpbihp.numec.prp.usp.br/index1afa.html]
[rpbihp.numec.prp.usp.br/index8e13.html]
[rpbihp.numec.prp.usp.br/indexdf4d.html]
[rpbihp.numec.prp.usp.br/indexc046.html]
[rpbihp.numec.prp.usp.br/images/thumb/e/ec/SaoPaulo22.pdf/page30-800px-SaoPaulo22.pdf.jpg]
[rpbihp.numec.prp.usp.br/images/thumb/e/ec/SaoPaulo22.pdf/page30-320px-SaoPaulo22.pdf.jpg]
[rpbihp.numec.prp.usp.br/index8e44.html]
[rpbihp.numec.prp.usp.br/images/thumb/e/ec/SaoPaulo22.pdf/page31-180px-SaoPaulo22.pdf.jpg]
[rpbihp.numec.prp.usp.br/index.php/File_SaoPaulo22dcf3.html]
[rpbihp.numec.prp.usp.br/index236a.html]
[rpbihp.numec.prp.usp.br/index9c90.html]
[rpbihp.numec.prp.usp.br/indexda5b.html]
[rpbihp.numec.prp.usp.br/index.php/File_SaoPaulo22b385.html]
[rpbihp.numec.prp.usp.br/indexab7b.html]
[rpbihp.numec.prp.usp.br/index7289.html]
[rpbihp.numec.prp.usp.br/indexacea.html]
[rpbihp.numec.prp.usp.br/indexb79c.html]
[rpbihp.numec.prp.usp.br/images/thumb/3/30/RPB_IHP2.pdf/page31-755px-RPB_IHP2.pdf.jpg]
[rpbihp.numec.prp.usp.br/index9953.html]
[rpbihp.numec.prp.usp.br/images/thumb/3/30/RPB_IHP2.pdf/page32-180px-RPB_IHP2.pdf.jpg]
[rpbihp.numec.prp.usp.br/index.php/File_RPB_IHP2fa9c.html]
[rpbihp.numec.prp.usp.br/indexe519.html]
[rpbihp.numec.prp.usp.br/index0ab1.html]
[rpbihp.numec.prp.usp.br/index86ed.html]
[rpbihp.numec.prp.usp.br/index.php/File_RPB_IHP2dcf3.html]
[rpbihp.numec.prp.usp.br/index9acc.html]
[rpbihp.numec.prp.usp.br/indexb94e.html]
[rpbihp.numec.prp.usp.br/index655c.html]
[rpbihp.numec.prp.usp.br/index8e13.html]
[rpbihp.numec.prp.usp.br/images/thumb/e/ec/SaoPaulo22.pdf/page31-800px-SaoPaulo22.pdf.jpg]
[rpbihp.numec.prp.usp.br/images/thumb/e/ec/SaoPaulo22.pdf/page31-320px-SaoPaulo22.pdf.jpg]
[rpbihp.numec.prp.usp.br/indexce11.html]
[rpbihp.numec.prp.usp.br/images/thumb/e/ec/SaoPaulo22.pdf/page32-180px-SaoPaulo22.pdf.jpg]
[rpbihp.numec.prp.usp.br/index.php/File_SaoPaulo22fa9c.html]
[rpbihp.numec.prp.usp.br/index56ef.html]
[rpbihp.numec.prp.usp.br/indexbde0.html]
[rpbihp.numec.prp.usp.br/index8e44.html]
[rpbihp.numec.prp.usp.br/index.php/File_SaoPaulo22dcf3.html]
[rpbihp.numec.prp.usp.br/index236a.html]
[rpbihp.numec.prp.usp.br/indexf905.html]
[rpbihp.numec.prp.usp.br/index9c90.html]
[rpbihp.numec.prp.usp.br/index7289.html]
[rpbihp.numec.prp.usp.br/images/thumb/3/30/RPB_IHP2.pdf/page32-755px-RPB_IHP2.pdf.jpg]
[rpbihp.numec.prp.usp.br/indexaae9.html]
[rpbihp.numec.prp.usp.br/images/thumb/3/30/RPB_IHP2.pdf/page33-180px-RPB_IHP2.pdf.jpg]
[rpbihp.numec.prp.usp.br/index.php/File_RPB_IHP2bd1b.html]
[rpbihp.numec.prp.usp.br/index8b8b.html]
[rpbihp.numec.prp.usp.br/indexc624.html]
[rpbihp.numec.prp.usp.br/index9953.html]
[rpbihp.numec.prp.usp.br/index.php/File_RPB_IHP2fa9c.html]
[rpbihp.numec.prp.usp.br/indexe519.html]
[rpbihp.numec.prp.usp.br/index4385.html]
[rpbihp.numec.prp.usp.br/index0ab1.html]
[rpbihp.numec.prp.usp.br/indexb94e.html]
[rpbihp.numec.prp.usp.br/images/thumb/e/ec/SaoPaulo22.pdf/page32-800px-SaoPaulo22.pdf.jpg]
[rpbihp.numec.prp.usp.br/images/thumb/e/ec/SaoPaulo22.pdf/page32-320px-SaoPaulo22.pdf.jpg]
[rpbihp.numec.prp.usp.br/index6060.html]
[rpbihp.numec.prp.usp.br/images/thumb/e/ec/SaoPaulo22.pdf/page33-180px-SaoPaulo22.pdf.jpg]
[rpbihp.numec.prp.usp.br/index.php/File_SaoPaulo22bd1b.html]
[rpbihp.numec.prp.usp.br/index56f0.html]
[rpbihp.numec.prp.usp.br/indexb7b9.html]
[rpbihp.numec.prp.usp.br/indexce11.html]
[rpbihp.numec.prp.usp.br/index.php/File_SaoPaulo22fa9c.html]
[rpbihp.numec.prp.usp.br/index56ef.html]
[rpbihp.numec.prp.usp.br/indexda31.html]
[rpbihp.numec.prp.usp.br/indexbde0.html]
[rpbihp.numec.prp.usp.br/indexf905.html]
[rpbihp.numec.prp.usp.br/images/thumb/3/30/RPB_IHP2.pdf/page33-755px-RPB_IHP2.pdf.jpg]
[rpbihp.numec.prp.usp.br/index15d4.html]
[rpbihp.numec.prp.usp.br/images/thumb/3/30/RPB_IHP2.pdf/page34-180px-RPB_IHP2.pdf.jpg]
[rpbihp.numec.prp.usp.br/index.php/File_RPB_IHP2e51f.html]
[rpbihp.numec.prp.usp.br/index7a87.html]
[rpbihp.numec.prp.usp.br/indexbb05.html]
[rpbihp.numec.prp.usp.br/indexaae9.html]
[rpbihp.numec.prp.usp.br/index.php/File_RPB_IHP2bd1b.html]
[rpbihp.numec.prp.usp.br/index8b8b.html]
[rpbihp.numec.prp.usp.br/index7b99.html]
[rpbihp.numec.prp.usp.br/indexc624.html]
[rpbihp.numec.prp.usp.br/index4385.html]
[rpbihp.numec.prp.usp.br/images/thumb/e/ec/SaoPaulo22.pdf/page33-800px-SaoPaulo22.pdf.jpg]
[rpbihp.numec.prp.usp.br/images/thumb/e/ec/SaoPaulo22.pdf/page33-320px-SaoPaulo22.pdf.jpg]
[rpbihp.numec.prp.usp.br/index242b.html]
[rpbihp.numec.prp.usp.br/images/thumb/e/ec/SaoPaulo22.pdf/page34-180px-SaoPaulo22.pdf.jpg]
[rpbihp.numec.prp.usp.br/index.php/File_SaoPaulo22e51f.html]
[rpbihp.numec.prp.usp.br/index9877.html]
[rpbihp.numec.prp.usp.br/index30f6.html]
[rpbihp.numec.prp.usp.br/index6060.html]
[rpbihp.numec.prp.usp.br/index.php/File_SaoPaulo22bd1b.html]
[rpbihp.numec.prp.usp.br/index56f0.html]
[rpbihp.numec.prp.usp.br/index2376.html]
[rpbihp.numec.prp.usp.br/indexb7b9.html]
[rpbihp.numec.prp.usp.br/indexda31.html]
[rpbihp.numec.prp.usp.br/images/thumb/3/30/RPB_IHP2.pdf/page34-755px-RPB_IHP2.pdf.jpg]
[rpbihp.numec.prp.usp.br/index3c16.html]
[rpbihp.numec.prp.usp.br/images/thumb/3/30/RPB_IHP2.pdf/page35-180px-RPB_IHP2.pdf.jpg]
[rpbihp.numec.prp.usp.br/index.php/File_RPB_IHP2e24e.html]
[rpbihp.numec.prp.usp.br/indexe498.html]
[rpbihp.numec.prp.usp.br/index0c27.html]
[rpbihp.numec.prp.usp.br/index15d4.html]
[rpbihp.numec.prp.usp.br/index.php/File_RPB_IHP2e51f.html]
[rpbihp.numec.prp.usp.br/index7a87.html]
[rpbihp.numec.prp.usp.br/index1747.html]
[rpbihp.numec.prp.usp.br/indexbb05.html]
[rpbihp.numec.prp.usp.br/index7b99.html]
[rpbihp.numec.prp.usp.br/images/thumb/e/ec/SaoPaulo22.pdf/page34-800px-SaoPaulo22.pdf.jpg]
[rpbihp.numec.prp.usp.br/images/thumb/e/ec/SaoPaulo22.pdf/page34-320px-SaoPaulo22.pdf.jpg]
[rpbihp.numec.prp.usp.br/index6556.html]
[rpbihp.numec.prp.usp.br/images/thumb/e/ec/SaoPaulo22.pdf/page35-180px-SaoPaulo22.pdf.jpg]
[rpbihp.numec.prp.usp.br/index.php/File_SaoPaulo22e24e.html]
[rpbihp.numec.prp.usp.br/indexce9b.html]
[rpbihp.numec.prp.usp.br/indexf93a.html]
[rpbihp.numec.prp.usp.br/index242b.html]
[rpbihp.numec.prp.usp.br/index.php/File_SaoPaulo22e51f.html]
[rpbihp.numec.prp.usp.br/index9877.html]
[rpbihp.numec.prp.usp.br/index507f.html]
[rpbihp.numec.prp.usp.br/index30f6.html]
[rpbihp.numec.prp.usp.br/index2376.html]
[rpbihp.numec.prp.usp.br/images/thumb/3/30/RPB_IHP2.pdf/page35-755px-RPB_IHP2.pdf.jpg]
[rpbihp.numec.prp.usp.br/indexfa69.html]
[rpbihp.numec.prp.usp.br/images/thumb/3/30/RPB_IHP2.pdf/page36-180px-RPB_IHP2.pdf.jpg]
[rpbihp.numec.prp.usp.br/index.php/File_RPB_IHP209f5.html]
[rpbihp.numec.prp.usp.br/indexf2ff.html]
[rpbihp.numec.prp.usp.br/index2148.html]
[rpbihp.numec.prp.usp.br/index3c16.html]
[rpbihp.numec.prp.usp.br/index.php/File_RPB_IHP2e24e.html]
[rpbihp.numec.prp.usp.br/indexe498.html]
[rpbihp.numec.prp.usp.br/indexde61.html]
[rpbihp.numec.prp.usp.br/index0c27.html]
[rpbihp.numec.prp.usp.br/index1747.html]
[rpbihp.numec.prp.usp.br/images/thumb/e/ec/SaoPaulo22.pdf/page35-800px-SaoPaulo22.pdf.jpg]
[rpbihp.numec.prp.usp.br/images/thumb/e/ec/SaoPaulo22.pdf/page35-320px-SaoPaulo22.pdf.jpg]
[rpbihp.numec.prp.usp.br/index2185.html]
[rpbihp.numec.prp.usp.br/images/thumb/e/ec/SaoPaulo22.pdf/page36-180px-SaoPaulo22.pdf.jpg]
[rpbihp.numec.prp.usp.br/index.php/File_SaoPaulo2209f5.html]
[rpbihp.numec.prp.usp.br/index3fa3.html]
[rpbihp.numec.prp.usp.br/index0264.html]
[rpbihp.numec.prp.usp.br/index6556.html]
[rpbihp.numec.prp.usp.br/index.php/File_SaoPaulo22e24e.html]
[rpbihp.numec.prp.usp.br/indexce9b.html]
[rpbihp.numec.prp.usp.br/index10b0.html]
[rpbihp.numec.prp.usp.br/indexf93a.html]
[rpbihp.numec.prp.usp.br/index507f.html]
[rpbihp.numec.prp.usp.br/images/thumb/3/30/RPB_IHP2.pdf/page36-755px-RPB_IHP2.pdf.jpg]
[rpbihp.numec.prp.usp.br/index61d9.html]
[rpbihp.numec.prp.usp.br/images/thumb/3/30/RPB_IHP2.pdf/page37-180px-RPB_IHP2.pdf.jpg]
[rpbihp.numec.prp.usp.br/index.php/File_RPB_IHP2f497.html]
[rpbihp.numec.prp.usp.br/index6004.html]
[rpbihp.numec.prp.usp.br/indexaa24.html]
[rpbihp.numec.prp.usp.br/indexfa69.html]
[rpbihp.numec.prp.usp.br/index.php/File_RPB_IHP209f5.html]
[rpbihp.numec.prp.usp.br/indexf2ff.html]
[rpbihp.numec.prp.usp.br/index440e.html]
[rpbihp.numec.prp.usp.br/index2148.html]
[rpbihp.numec.prp.usp.br/indexde61.html]
[rpbihp.numec.prp.usp.br/images/thumb/e/ec/SaoPaulo22.pdf/page36-800px-SaoPaulo22.pdf.jpg]
[rpbihp.numec.prp.usp.br/images/thumb/e/ec/SaoPaulo22.pdf/page36-320px-SaoPaulo22.pdf.jpg]
[rpbihp.numec.prp.usp.br/index2439.html]
[rpbihp.numec.prp.usp.br/images/thumb/e/ec/SaoPaulo22.pdf/page37-180px-SaoPaulo22.pdf.jpg]
[rpbihp.numec.prp.usp.br/index.php/File_SaoPaulo22f497.html]
[rpbihp.numec.prp.usp.br/index2406.html]
[rpbihp.numec.prp.usp.br/index16d9.html]
[rpbihp.numec.prp.usp.br/index2185.html]
[rpbihp.numec.prp.usp.br/index.php/File_SaoPaulo2209f5.html]
[rpbihp.numec.prp.usp.br/index3fa3.html]
[rpbihp.numec.prp.usp.br/indexe977.html]
[rpbihp.numec.prp.usp.br/index0264.html]
[rpbihp.numec.prp.usp.br/index10b0.html]
[rpbihp.numec.prp.usp.br/images/thumb/3/30/RPB_IHP2.pdf/page37-755px-RPB_IHP2.pdf.jpg]
[rpbihp.numec.prp.usp.br/indexa514.html]
[rpbihp.numec.prp.usp.br/indexf3c9.html]
[rpbihp.numec.prp.usp.br/index61d9.html]
[rpbihp.numec.prp.usp.br/index.php/File_RPB_IHP2f497.html]
[rpbihp.numec.prp.usp.br/index6004.html]
[rpbihp.numec.prp.usp.br/index75c7.html]
[rpbihp.numec.prp.usp.br/indexaa24.html]
[rpbihp.numec.prp.usp.br/index440e.html]
[rpbihp.numec.prp.usp.br/images/thumb/e/ec/SaoPaulo22.pdf/page37-800px-SaoPaulo22.pdf.jpg]
[rpbihp.numec.prp.usp.br/images/thumb/e/ec/SaoPaulo22.pdf/page37-320px-SaoPaulo22.pdf.jpg]
[rpbihp.numec.prp.usp.br/index582b.html]
[rpbihp.numec.prp.usp.br/images/thumb/e/ec/SaoPaulo22.pdf/page38-180px-SaoPaulo22.pdf.jpg]
[rpbihp.numec.prp.usp.br/index.php/File_SaoPaulo22763c.html]
[rpbihp.numec.prp.usp.br/indexd326.html]
[rpbihp.numec.prp.usp.br/indexc558.html]
[rpbihp.numec.prp.usp.br/index2439.html]
[rpbihp.numec.prp.usp.br/index.php/File_SaoPaulo22f497.html]
[rpbihp.numec.prp.usp.br/index2406.html]
[rpbihp.numec.prp.usp.br/index559b.html]
[rpbihp.numec.prp.usp.br/index16d9.html]
[rpbihp.numec.prp.usp.br/indexe977.html]
[rpbihp.numec.prp.usp.br/indexa514.html]
[rpbihp.numec.prp.usp.br/index2cd1.html]
[rpbihp.numec.prp.usp.br/indexf3c9.html]
[rpbihp.numec.prp.usp.br/index75c7.html]
[rpbihp.numec.prp.usp.br/images/thumb/e/ec/SaoPaulo22.pdf/page38-800px-SaoPaulo22.pdf.jpg]
[rpbihp.numec.prp.usp.br/images/thumb/e/ec/SaoPaulo22.pdf/page38-320px-SaoPaulo22.pdf.jpg]
[rpbihp.numec.prp.usp.br/indexa77c.html]
[rpbihp.numec.prp.usp.br/images/thumb/e/ec/SaoPaulo22.pdf/page39-180px-SaoPaulo22.pdf.jpg]
[rpbihp.numec.prp.usp.br/index.php/File_SaoPaulo228b08.html]
[rpbihp.numec.prp.usp.br/index9e85.html]
[rpbihp.numec.prp.usp.br/indexa65d.html]
[rpbihp.numec.prp.usp.br/index582b.html]
[rpbihp.numec.prp.usp.br/index.php/File_SaoPaulo22763c.html]
[rpbihp.numec.prp.usp.br/indexd326.html]
[rpbihp.numec.prp.usp.br/indexf69f.html]
[rpbihp.numec.prp.usp.br/indexc558.html]
[rpbihp.numec.prp.usp.br/index559b.html]
[rpbihp.numec.prp.usp.br/index2cd1.html]
[rpbihp.numec.prp.usp.br/images/thumb/e/ec/SaoPaulo22.pdf/page39-800px-SaoPaulo22.pdf.jpg]
[rpbihp.numec.prp.usp.br/images/thumb/e/ec/SaoPaulo22.pdf/page39-320px-SaoPaulo22.pdf.jpg]
[rpbihp.numec.prp.usp.br/index15be.html]
[rpbihp.numec.prp.usp.br/images/thumb/e/ec/SaoPaulo22.pdf/page40-180px-SaoPaulo22.pdf.jpg]
[rpbihp.numec.prp.usp.br/index.php/File_SaoPaulo22ce8a.html]
[rpbihp.numec.prp.usp.br/indexfb63.html]
[rpbihp.numec.prp.usp.br/index41c9.html]
[rpbihp.numec.prp.usp.br/indexa77c.html]
[rpbihp.numec.prp.usp.br/index.php/File_SaoPaulo228b08.html]
[rpbihp.numec.prp.usp.br/index9e85.html]
[rpbihp.numec.prp.usp.br/index83db.html]
[rpbihp.numec.prp.usp.br/indexa65d.html]
[rpbihp.numec.prp.usp.br/indexf69f.html]
[rpbihp.numec.prp.usp.br/images/thumb/e/ec/SaoPaulo22.pdf/page40-800px-SaoPaulo22.pdf.jpg]
[rpbihp.numec.prp.usp.br/images/thumb/e/ec/SaoPaulo22.pdf/page40-320px-SaoPaulo22.pdf.jpg]
[rpbihp.numec.prp.usp.br/index45ee.html]
[rpbihp.numec.prp.usp.br/images/thumb/e/ec/SaoPaulo22.pdf/page41-180px-SaoPaulo22.pdf.jpg]
[rpbihp.numec.prp.usp.br/index.php/File_SaoPaulo226c2f.html]
[rpbihp.numec.prp.usp.br/index46cc.html]
[rpbihp.numec.prp.usp.br/index3791.html]
[rpbihp.numec.prp.usp.br/index15be.html]
[rpbihp.numec.prp.usp.br/index.php/File_SaoPaulo22ce8a.html]
[rpbihp.numec.prp.usp.br/indexfb63.html]
[rpbihp.numec.prp.usp.br/indexf784.html]
[rpbihp.numec.prp.usp.br/index41c9.html]
[rpbihp.numec.prp.usp.br/index83db.html]
[rpbihp.numec.prp.usp.br/images/thumb/e/ec/SaoPaulo22.pdf/page41-800px-SaoPaulo22.pdf.jpg]
[rpbihp.numec.prp.usp.br/images/thumb/e/ec/SaoPaulo22.pdf/page41-320px-SaoPaulo22.pdf.jpg]
[rpbihp.numec.prp.usp.br/indexd1c0.html]
[rpbihp.numec.prp.usp.br/images/thumb/e/ec/SaoPaulo22.pdf/page42-180px-SaoPaulo22.pdf.jpg]
[rpbihp.numec.prp.usp.br/index.php/File_SaoPaulo223963.html]
[rpbihp.numec.prp.usp.br/indexd07a.html]
[rpbihp.numec.prp.usp.br/indexe9e9.html]
[rpbihp.numec.prp.usp.br/index45ee.html]
[rpbihp.numec.prp.usp.br/index.php/File_SaoPaulo226c2f.html]
[rpbihp.numec.prp.usp.br/index46cc.html]
[rpbihp.numec.prp.usp.br/index5bdd.html]
[rpbihp.numec.prp.usp.br/index3791.html]
[rpbihp.numec.prp.usp.br/indexf784.html]
[rpbihp.numec.prp.usp.br/images/thumb/e/ec/SaoPaulo22.pdf/page42-800px-SaoPaulo22.pdf.jpg]
[rpbihp.numec.prp.usp.br/images/thumb/e/ec/SaoPaulo22.pdf/page42-320px-SaoPaulo22.pdf.jpg]
[rpbihp.numec.prp.usp.br/index530d.html]
[rpbihp.numec.prp.usp.br/images/thumb/e/ec/SaoPaulo22.pdf/page43-180px-SaoPaulo22.pdf.jpg]
[rpbihp.numec.prp.usp.br/index.php/File_SaoPaulo22324e.html]
[rpbihp.numec.prp.usp.br/index76b5.html]
[rpbihp.numec.prp.usp.br/index609c.html]
[rpbihp.numec.prp.usp.br/indexd1c0.html]
[rpbihp.numec.prp.usp.br/index.php/File_SaoPaulo223963.html]
[rpbihp.numec.prp.usp.br/indexd07a.html]
[rpbihp.numec.prp.usp.br/index2bce.html]
[rpbihp.numec.prp.usp.br/indexe9e9.html]
[rpbihp.numec.prp.usp.br/index5bdd.html]
[rpbihp.numec.prp.usp.br/images/thumb/e/ec/SaoPaulo22.pdf/page43-800px-SaoPaulo22.pdf.jpg]
[rpbihp.numec.prp.usp.br/images/thumb/e/ec/SaoPaulo22.pdf/page43-320px-SaoPaulo22.pdf.jpg]
[rpbihp.numec.prp.usp.br/index1aa9.html]
[rpbihp.numec.prp.usp.br/images/thumb/e/ec/SaoPaulo22.pdf/page44-180px-SaoPaulo22.pdf.jpg]
[rpbihp.numec.prp.usp.br/index.php/File_SaoPaulo227251.html]
[rpbihp.numec.prp.usp.br/index317d.html]
[rpbihp.numec.prp.usp.br/indexf671.html]
[rpbihp.numec.prp.usp.br/index530d.html]
[rpbihp.numec.prp.usp.br/index.php/File_SaoPaulo22324e.html]
[rpbihp.numec.prp.usp.br/index76b5.html]
[rpbihp.numec.prp.usp.br/index2373.html]
[rpbihp.numec.prp.usp.br/index609c.html]
[rpbihp.numec.prp.usp.br/index2bce.html]
[rpbihp.numec.prp.usp.br/images/thumb/e/ec/SaoPaulo22.pdf/page44-800px-SaoPaulo22.pdf.jpg]
[rpbihp.numec.prp.usp.br/images/thumb/e/ec/SaoPaulo22.pdf/page44-320px-SaoPaulo22.pdf.jpg]
[rpbihp.numec.prp.usp.br/indexb83f.html]
[rpbihp.numec.prp.usp.br/images/thumb/e/ec/SaoPaulo22.pdf/page45-180px-SaoPaulo22.pdf.jpg]
[rpbihp.numec.prp.usp.br/index.php/File_SaoPaulo22cadd.html]
[rpbihp.numec.prp.usp.br/indexb0ea.html]
[rpbihp.numec.prp.usp.br/index5070.html]
[rpbihp.numec.prp.usp.br/index1aa9.html]
[rpbihp.numec.prp.usp.br/index.php/File_SaoPaulo227251.html]
[rpbihp.numec.prp.usp.br/index317d.html]
[rpbihp.numec.prp.usp.br/index3f3a.html]
[rpbihp.numec.prp.usp.br/indexf671.html]
[rpbihp.numec.prp.usp.br/index2373.html]
[rpbihp.numec.prp.usp.br/images/thumb/e/ec/SaoPaulo22.pdf/page45-800px-SaoPaulo22.pdf.jpg]
[rpbihp.numec.prp.usp.br/images/thumb/e/ec/SaoPaulo22.pdf/page45-320px-SaoPaulo22.pdf.jpg]
[rpbihp.numec.prp.usp.br/index10c2.html]
[rpbihp.numec.prp.usp.br/images/thumb/e/ec/SaoPaulo22.pdf/page46-180px-SaoPaulo22.pdf.jpg]
[rpbihp.numec.prp.usp.br/index.php/File_SaoPaulo22708f.html]
[rpbihp.numec.prp.usp.br/indexee56.html]
[rpbihp.numec.prp.usp.br/index7053.html]
[rpbihp.numec.prp.usp.br/indexb83f.html]
[rpbihp.numec.prp.usp.br/index.php/File_SaoPaulo22cadd.html]
[rpbihp.numec.prp.usp.br/indexb0ea.html]
[rpbihp.numec.prp.usp.br/index1ca2.html]
[rpbihp.numec.prp.usp.br/index5070.html]
[rpbihp.numec.prp.usp.br/index3f3a.html]
[rpbihp.numec.prp.usp.br/images/thumb/e/ec/SaoPaulo22.pdf/page46-800px-SaoPaulo22.pdf.jpg]
[rpbihp.numec.prp.usp.br/images/thumb/e/ec/SaoPaulo22.pdf/page46-320px-SaoPaulo22.pdf.jpg]
[rpbihp.numec.prp.usp.br/index2bc6.html]
[rpbihp.numec.prp.usp.br/images/thumb/e/ec/SaoPaulo22.pdf/page47-180px-SaoPaulo22.pdf.jpg]
[rpbihp.numec.prp.usp.br/index.php/File_SaoPaulo22060d.html]
[rpbihp.numec.prp.usp.br/index470e.html]
[rpbihp.numec.prp.usp.br/index42bf.html]
[rpbihp.numec.prp.usp.br/index10c2.html]
[rpbihp.numec.prp.usp.br/index.php/File_SaoPaulo22708f.html]
[rpbihp.numec.prp.usp.br/indexee56.html]
[rpbihp.numec.prp.usp.br/index722b.html]
[rpbihp.numec.prp.usp.br/index7053.html]
[rpbihp.numec.prp.usp.br/index1ca2.html]
[rpbihp.numec.prp.usp.br/images/thumb/e/ec/SaoPaulo22.pdf/page47-800px-SaoPaulo22.pdf.jpg]
[rpbihp.numec.prp.usp.br/images/thumb/e/ec/SaoPaulo22.pdf/page47-320px-SaoPaulo22.pdf.jpg]
[rpbihp.numec.prp.usp.br/index1443.html]
[rpbihp.numec.prp.usp.br/images/thumb/e/ec/SaoPaulo22.pdf/page48-180px-SaoPaulo22.pdf.jpg]
[rpbihp.numec.prp.usp.br/index.php/File_SaoPaulo2289dd.html]
[rpbihp.numec.prp.usp.br/index56cf.html]
[rpbihp.numec.prp.usp.br/indexa569.html]
[rpbihp.numec.prp.usp.br/index2bc6.html]
[rpbihp.numec.prp.usp.br/index.php/File_SaoPaulo22060d.html]
[rpbihp.numec.prp.usp.br/index470e.html]
[rpbihp.numec.prp.usp.br/index9ac2.html]
[rpbihp.numec.prp.usp.br/index42bf.html]
[rpbihp.numec.prp.usp.br/index722b.html]
[rpbihp.numec.prp.usp.br/images/thumb/e/ec/SaoPaulo22.pdf/page48-800px-SaoPaulo22.pdf.jpg]
[rpbihp.numec.prp.usp.br/images/thumb/e/ec/SaoPaulo22.pdf/page48-320px-SaoPaulo22.pdf.jpg]
[rpbihp.numec.prp.usp.br/index709b.html]
[rpbihp.numec.prp.usp.br/images/thumb/e/ec/SaoPaulo22.pdf/page49-180px-SaoPaulo22.pdf.jpg]
[rpbihp.numec.prp.usp.br/index.php/File_SaoPaulo2244a3.html]
[rpbihp.numec.prp.usp.br/index6e27.html]
[rpbihp.numec.prp.usp.br/index4efe.html]
[rpbihp.numec.prp.usp.br/index1443.html]
[rpbihp.numec.prp.usp.br/index.php/File_SaoPaulo2289dd.html]
[rpbihp.numec.prp.usp.br/index56cf.html]
[rpbihp.numec.prp.usp.br/index57aa.html]
[rpbihp.numec.prp.usp.br/indexa569.html]
[rpbihp.numec.prp.usp.br/index9ac2.html]
[rpbihp.numec.prp.usp.br/images/thumb/e/ec/SaoPaulo22.pdf/page49-800px-SaoPaulo22.pdf.jpg]
[rpbihp.numec.prp.usp.br/images/thumb/e/ec/SaoPaulo22.pdf/page49-320px-SaoPaulo22.pdf.jpg]
[rpbihp.numec.prp.usp.br/index37fd.html]
[rpbihp.numec.prp.usp.br/index33ec.html]
[rpbihp.numec.prp.usp.br/index709b.html]
[rpbihp.numec.prp.usp.br/index.php/File_SaoPaulo2244a3.html]
[rpbihp.numec.prp.usp.br/index6e27.html]
[rpbihp.numec.prp.usp.br/index6f2c.html]
[rpbihp.numec.prp.usp.br/index4efe.html]
[rpbihp.numec.prp.usp.br/index57aa.html]
[rpbihp.numec.prp.usp.br/index37fd.html]
[rpbihp.numec.prp.usp.br/index32b9.html]
[rpbihp.numec.prp.usp.br/index33ec.html]
[rpbihp.numec.prp.usp.br/index6f2c.html]
[rpbihp.numec.prp.usp.br/index32b9.html]
